filename,predicted_label
test/Image_1.jpg,EASTERN DAPPLE WHITE
test/Image_2.jpg,GREAT EGGFLY
test/Image_3.jpg,QUESTION MARK
test/Image_4.jpg,ULYSES
test/Image_5.jpg,MILBERTS TORTOISESHELL
test/Image_6.jpg,SOUTHERN DOGFACE
test/Image_7.jpg,PAPER KITE
test/Image_8.jpg,ATALA
test/Image_9.jpg,VICEROY
test/Image_10.jpg,ZEBRA LONG WING
test/Image_11.jpg,VICEROY
test/Image_12.jpg,MALACHITE
test/Image_13.jpg,CRIMSON PATCH
test/Image_14.jpg,MOURNING CLOAK
test/Image_15.jpg,BLUE SPOTTED CROW
test/Image_16.jpg,EASTERN COMA
test/Image_17.jpg,SILVER SPOT SKIPPER
test/Image_18.jpg,PURPLE HAIRSTREAK
test/Image_19.jpg,EASTERN PINE ELFIN
test/Image_20.jpg,MANGROVE SKIPPER
test/Image_21.jpg,SOOTYWING
test/Image_22.jpg,MESTRA
test/Image_23.jpg,METALMARK
test/Image_24.jpg,IPHICLUS SISTER
test/Image_25.jpg,DANAID EGGFLY
test/Image_26.jpg,BANDED ORANGE HELICONIAN
test/Image_27.jpg,MOURNING CLOAK
test/Image_28.jpg,VICEROY
test/Image_29.jpg,ATALA
test/Image_30.jpg,MALACHITE
test/Image_31.jpg,SCARCE SWALLOW
test/Image_32.jpg,SLEEPY ORANGE
test/Image_33.jpg,RED CRACKER
test/Image_34.jpg,MOURNING CLOAK
test/Image_35.jpg,COMMON WOOD-NYMPH
test/Image_36.jpg,RED POSTMAN
test/Image_37.jpg,CRECENT
test/Image_38.jpg,GREAT JAY
test/Image_39.jpg,PAINTED LADY
test/Image_40.jpg,CRIMSON PATCH
test/Image_41.jpg,METALMARK
test/Image_42.jpg,ULYSES
test/Image_43.jpg,EASTERN COMA
test/Image_44.jpg,MESTRA
test/Image_45.jpg,RED ADMIRAL
test/Image_46.jpg,COPPER TAIL
test/Image_47.jpg,RED ADMIRAL
test/Image_48.jpg,VICEROY
test/Image_49.jpg,CAIRNS BIRDWING
test/Image_50.jpg,QUESTION MARK
test/Image_51.jpg,COMMON WOOD-NYMPH
test/Image_52.jpg,DANAID EGGFLY
test/Image_53.jpg,PURPLE HAIRSTREAK
test/Image_54.jpg,PEACOCK
test/Image_55.jpg,CRIMSON PATCH
test/Image_56.jpg,AN 88
test/Image_57.jpg,TROPICAL LEAFWING
test/Image_58.jpg,SOUTHERN DOGFACE
test/Image_59.jpg,COMMON BANDED AWL
test/Image_60.jpg,ORCHARD SWALLOW
test/Image_61.jpg,EASTERN DAPPLE WHITE
test/Image_62.jpg,MALACHITE
test/Image_63.jpg,CRECENT
test/Image_64.jpg,ELBOWED PIERROT
test/Image_65.jpg,ADONIS
test/Image_66.jpg,APPOLLO
test/Image_67.jpg,ELBOWED PIERROT
test/Image_68.jpg,PEACOCK
test/Image_69.jpg,CRECENT
test/Image_70.jpg,JULIA
test/Image_71.jpg,RED SPOTTED PURPLE
test/Image_72.jpg,CHECQUERED SKIPPER
test/Image_73.jpg,ORCHARD SWALLOW
test/Image_74.jpg,BLUE SPOTTED CROW
test/Image_75.jpg,CLOUDED SULPHUR
test/Image_76.jpg,PIPEVINE SWALLOW
test/Image_77.jpg,MOURNING CLOAK
test/Image_78.jpg,BLUE SPOTTED CROW
test/Image_79.jpg,APPOLLO
test/Image_80.jpg,ATALA
test/Image_81.jpg,RED POSTMAN
test/Image_82.jpg,BANDED PEACOCK
test/Image_83.jpg,EASTERN PINE ELFIN
test/Image_84.jpg,INDRA SWALLOW
test/Image_85.jpg,COMMON BANDED AWL
test/Image_86.jpg,CLOUDED SULPHUR
test/Image_87.jpg,EASTERN COMA
test/Image_88.jpg,COMMON WOOD-NYMPH
test/Image_89.jpg,AFRICAN GIANT SWALLOWTAIL
test/Image_90.jpg,PURPLISH COPPER
test/Image_91.jpg,DANAID EGGFLY
test/Image_92.jpg,ELBOWED PIERROT
test/Image_93.jpg,TROPICAL LEAFWING
test/Image_94.jpg,CRECENT
test/Image_95.jpg,VICEROY
test/Image_96.jpg,VICEROY
test/Image_97.jpg,ULYSES
test/Image_98.jpg,VICEROY
test/Image_99.jpg,COMMON WOOD-NYMPH
test/Image_100.jpg,GREAT JAY
test/Image_101.jpg,CRECENT
test/Image_102.jpg,BLUE MORPHO
test/Image_103.jpg,DANAID EGGFLY
test/Image_104.jpg,DANAID EGGFLY
test/Image_105.jpg,ELBOWED PIERROT
test/Image_106.jpg,SOUTHERN DOGFACE
test/Image_107.jpg,ADONIS
test/Image_108.jpg,COMMON WOOD-NYMPH
test/Image_109.jpg,CAIRNS BIRDWING
test/Image_110.jpg,CRIMSON PATCH
test/Image_111.jpg,RED SPOTTED PURPLE
test/Image_112.jpg,METALMARK
test/Image_113.jpg,COMMON WOOD-NYMPH
test/Image_114.jpg,SILVER SPOT SKIPPER
test/Image_115.jpg,COMMON BANDED AWL
test/Image_116.jpg,PIPEVINE SWALLOW
test/Image_117.jpg,POPINJAY
test/Image_118.jpg,BLACK HAIRSTREAK
test/Image_119.jpg,CLODIUS PARNASSIAN
test/Image_120.jpg,TROPICAL LEAFWING
test/Image_121.jpg,MANGROVE SKIPPER
test/Image_122.jpg,METALMARK
test/Image_123.jpg,GREAT EGGFLY
test/Image_124.jpg,PAINTED LADY
test/Image_125.jpg,ATALA
test/Image_126.jpg,METALMARK
test/Image_127.jpg,INDRA SWALLOW
test/Image_128.jpg,SLEEPY ORANGE
test/Image_129.jpg,SLEEPY ORANGE
test/Image_130.jpg,GOLD BANDED
test/Image_131.jpg,INDRA SWALLOW
test/Image_132.jpg,BLACK HAIRSTREAK
test/Image_133.jpg,PINE WHITE
test/Image_134.jpg,CLOUDED SULPHUR
test/Image_135.jpg,COMMON BANDED AWL
test/Image_136.jpg,STRAITED QUEEN
test/Image_137.jpg,YELLOW SWALLOW TAIL
test/Image_138.jpg,EASTERN COMA
test/Image_139.jpg,CLOUDED SULPHUR
test/Image_140.jpg,ULYSES
test/Image_141.jpg,PAPER KITE
test/Image_142.jpg,SCARCE SWALLOW
test/Image_143.jpg,MILBERTS TORTOISESHELL
test/Image_144.jpg,MOURNING CLOAK
test/Image_145.jpg,MONARCH
test/Image_146.jpg,BLACK HAIRSTREAK
test/Image_147.jpg,EASTERN COMA
test/Image_148.jpg,VICEROY
test/Image_149.jpg,MESTRA
test/Image_150.jpg,CLEOPATRA
test/Image_151.jpg,PAINTED LADY
test/Image_152.jpg,MOURNING CLOAK
test/Image_153.jpg,BECKERS WHITE
test/Image_154.jpg,GREAT EGGFLY
test/Image_155.jpg,BROWN SIPROETA
test/Image_156.jpg,POPINJAY
test/Image_157.jpg,SILVER SPOT SKIPPER
test/Image_158.jpg,VICEROY
test/Image_159.jpg,ORCHARD SWALLOW
test/Image_160.jpg,RED CRACKER
test/Image_161.jpg,RED CRACKER
test/Image_162.jpg,MOURNING CLOAK
test/Image_163.jpg,CAIRNS BIRDWING
test/Image_164.jpg,PAINTED LADY
test/Image_165.jpg,ADONIS
test/Image_166.jpg,POPINJAY
test/Image_167.jpg,EASTERN DAPPLE WHITE
test/Image_168.jpg,ORANGE TIP
test/Image_169.jpg,APPOLLO
test/Image_170.jpg,JULIA
test/Image_171.jpg,EASTERN COMA
test/Image_172.jpg,WOOD SATYR
test/Image_173.jpg,COMMON BANDED AWL
test/Image_174.jpg,QUESTION MARK
test/Image_175.jpg,TROPICAL LEAFWING
test/Image_176.jpg,GOLD BANDED
test/Image_177.jpg,SLEEPY ORANGE
test/Image_178.jpg,GREEN CELLED CATTLEHEART
test/Image_179.jpg,PINE WHITE
test/Image_180.jpg,SLEEPY ORANGE
test/Image_181.jpg,BANDED ORANGE HELICONIAN
test/Image_182.jpg,RED CRACKER
test/Image_183.jpg,PINE WHITE
test/Image_184.jpg,SOUTHERN DOGFACE
test/Image_185.jpg,ADONIS
test/Image_186.jpg,JULIA
test/Image_187.jpg,SOUTHERN DOGFACE
test/Image_188.jpg,CLEOPATRA
test/Image_189.jpg,DANAID EGGFLY
test/Image_190.jpg,BLUE MORPHO
test/Image_191.jpg,RED POSTMAN
test/Image_192.jpg,CLOUDED SULPHUR
test/Image_193.jpg,CHESTNUT
test/Image_194.jpg,CAIRNS BIRDWING
test/Image_195.jpg,GREAT JAY
test/Image_196.jpg,PEACOCK
test/Image_197.jpg,MILBERTS TORTOISESHELL
test/Image_198.jpg,TWO BARRED FLASHER
test/Image_199.jpg,ULYSES
test/Image_200.jpg,CHESTNUT
test/Image_201.jpg,AMERICAN SNOOT
test/Image_202.jpg,PURPLISH COPPER
test/Image_203.jpg,POPINJAY
test/Image_204.jpg,CABBAGE WHITE
test/Image_205.jpg,ULYSES
test/Image_206.jpg,AN 88
test/Image_207.jpg,QUESTION MARK
test/Image_208.jpg,PIPEVINE SWALLOW
test/Image_209.jpg,CLOUDED SULPHUR
test/Image_210.jpg,CLOUDED SULPHUR
test/Image_211.jpg,RED SPOTTED PURPLE
test/Image_212.jpg,GREAT EGGFLY
test/Image_213.jpg,MILBERTS TORTOISESHELL
test/Image_214.jpg,SOUTHERN DOGFACE
test/Image_215.jpg,SOOTYWING
test/Image_216.jpg,BLUE MORPHO
test/Image_217.jpg,BLUE SPOTTED CROW
test/Image_218.jpg,ADONIS
test/Image_219.jpg,EASTERN DAPPLE WHITE
test/Image_220.jpg,CLOUDED SULPHUR
test/Image_221.jpg,METALMARK
test/Image_222.jpg,GREEN CELLED CATTLEHEART
test/Image_223.jpg,BROWN SIPROETA
test/Image_224.jpg,GREY HAIRSTREAK
test/Image_225.jpg,DANAID EGGFLY
test/Image_226.jpg,AFRICAN GIANT SWALLOWTAIL
test/Image_227.jpg,BLUE SPOTTED CROW
test/Image_228.jpg,EASTERN PINE ELFIN
test/Image_229.jpg,ELBOWED PIERROT
test/Image_230.jpg,DANAID EGGFLY
test/Image_231.jpg,DANAID EGGFLY
test/Image_232.jpg,SCARCE SWALLOW
test/Image_233.jpg,CLOUDED SULPHUR
test/Image_234.jpg,PURPLE HAIRSTREAK
test/Image_235.jpg,APPOLLO
test/Image_236.jpg,PAPER KITE
test/Image_237.jpg,GREY HAIRSTREAK
test/Image_238.jpg,GREY HAIRSTREAK
test/Image_239.jpg,SCARCE SWALLOW
test/Image_240.jpg,TROPICAL LEAFWING
test/Image_241.jpg,COMMON WOOD-NYMPH
test/Image_242.jpg,MONARCH
test/Image_243.jpg,MOURNING CLOAK
test/Image_244.jpg,PAINTED LADY
test/Image_245.jpg,BANDED PEACOCK
test/Image_246.jpg,SLEEPY ORANGE
test/Image_247.jpg,SOOTYWING
test/Image_248.jpg,JULIA
test/Image_249.jpg,GREAT JAY
test/Image_250.jpg,MALACHITE
test/Image_251.jpg,PAPER KITE
test/Image_252.jpg,SLEEPY ORANGE
test/Image_253.jpg,MANGROVE SKIPPER
test/Image_254.jpg,BLUE MORPHO
test/Image_255.jpg,QUESTION MARK
test/Image_256.jpg,VICEROY
test/Image_257.jpg,COMMON BANDED AWL
test/Image_258.jpg,ADONIS
test/Image_259.jpg,RED SPOTTED PURPLE
test/Image_260.jpg,AMERICAN SNOOT
test/Image_261.jpg,COMMON WOOD-NYMPH
test/Image_262.jpg,METALMARK
test/Image_263.jpg,SLEEPY ORANGE
test/Image_264.jpg,VICEROY
test/Image_265.jpg,SOUTHERN DOGFACE
test/Image_266.jpg,JULIA
test/Image_267.jpg,QUESTION MARK
test/Image_268.jpg,COMMON BANDED AWL
test/Image_269.jpg,ORANGE TIP
test/Image_270.jpg,TROPICAL LEAFWING
test/Image_271.jpg,VICEROY
test/Image_272.jpg,EASTERN COMA
test/Image_273.jpg,ATALA
test/Image_274.jpg,CHESTNUT
test/Image_275.jpg,COMMON WOOD-NYMPH
test/Image_276.jpg,ATALA
test/Image_277.jpg,GREY HAIRSTREAK
test/Image_278.jpg,EASTERN PINE ELFIN
test/Image_279.jpg,EASTERN COMA
test/Image_280.jpg,CHECQUERED SKIPPER
test/Image_281.jpg,DANAID EGGFLY
test/Image_282.jpg,RED POSTMAN
test/Image_283.jpg,EASTERN COMA
test/Image_284.jpg,SLEEPY ORANGE
test/Image_285.jpg,WOOD SATYR
test/Image_286.jpg,TROPICAL LEAFWING
test/Image_287.jpg,SLEEPY ORANGE
test/Image_288.jpg,SLEEPY ORANGE
test/Image_289.jpg,SOUTHERN DOGFACE
test/Image_290.jpg,COMMON WOOD-NYMPH
test/Image_291.jpg,MONARCH
test/Image_292.jpg,WOOD SATYR
test/Image_293.jpg,SLEEPY ORANGE
test/Image_294.jpg,ORANGE OAKLEAF
test/Image_295.jpg,VICEROY
test/Image_296.jpg,COMMON WOOD-NYMPH
test/Image_297.jpg,CAIRNS BIRDWING
test/Image_298.jpg,WOOD SATYR
test/Image_299.jpg,COMMON BANDED AWL
test/Image_300.jpg,PEACOCK
test/Image_301.jpg,CLEOPATRA
test/Image_302.jpg,SOUTHERN DOGFACE
test/Image_303.jpg,MOURNING CLOAK
test/Image_304.jpg,ADONIS
test/Image_305.jpg,ORCHARD SWALLOW
test/Image_306.jpg,COMMON WOOD-NYMPH
test/Image_307.jpg,IPHICLUS SISTER
test/Image_308.jpg,ATALA
test/Image_309.jpg,SOOTYWING
test/Image_310.jpg,PAPER KITE
test/Image_311.jpg,PIPEVINE SWALLOW
test/Image_312.jpg,PURPLE HAIRSTREAK
test/Image_313.jpg,EASTERN PINE ELFIN
test/Image_314.jpg,BANDED ORANGE HELICONIAN
test/Image_315.jpg,DANAID EGGFLY
test/Image_316.jpg,PIPEVINE SWALLOW
test/Image_317.jpg,EASTERN DAPPLE WHITE
test/Image_318.jpg,QUESTION MARK
test/Image_319.jpg,SOOTYWING
test/Image_320.jpg,ADONIS
test/Image_321.jpg,CRIMSON PATCH
test/Image_322.jpg,COMMON BANDED AWL
test/Image_323.jpg,BANDED PEACOCK
test/Image_324.jpg,COMMON WOOD-NYMPH
test/Image_325.jpg,COMMON WOOD-NYMPH
test/Image_326.jpg,AMERICAN SNOOT
test/Image_327.jpg,MILBERTS TORTOISESHELL
test/Image_328.jpg,ORANGE TIP
test/Image_329.jpg,PIPEVINE SWALLOW
test/Image_330.jpg,AFRICAN GIANT SWALLOWTAIL
test/Image_331.jpg,GREEN CELLED CATTLEHEART
test/Image_332.jpg,SCARCE SWALLOW
test/Image_333.jpg,SOUTHERN DOGFACE
test/Image_334.jpg,CLODIUS PARNASSIAN
test/Image_335.jpg,SOUTHERN DOGFACE
test/Image_336.jpg,MOURNING CLOAK
test/Image_337.jpg,ORANGE TIP
test/Image_338.jpg,QUESTION MARK
test/Image_339.jpg,BLACK HAIRSTREAK
test/Image_340.jpg,ATALA
test/Image_341.jpg,EASTERN DAPPLE WHITE
test/Image_342.jpg,BANDED ORANGE HELICONIAN
test/Image_343.jpg,SOUTHERN DOGFACE
test/Image_344.jpg,BECKERS WHITE
test/Image_345.jpg,SOUTHERN DOGFACE
test/Image_346.jpg,GREY HAIRSTREAK
test/Image_347.jpg,RED POSTMAN
test/Image_348.jpg,TWO BARRED FLASHER
test/Image_349.jpg,CLEOPATRA
test/Image_350.jpg,CLOUDED SULPHUR
test/Image_351.jpg,AN 88
test/Image_352.jpg,BANDED ORANGE HELICONIAN
test/Image_353.jpg,PEACOCK
test/Image_354.jpg,AMERICAN SNOOT
test/Image_355.jpg,GOLD BANDED
test/Image_356.jpg,ADONIS
test/Image_357.jpg,GREAT EGGFLY
test/Image_358.jpg,BANDED PEACOCK
test/Image_359.jpg,COMMON BANDED AWL
test/Image_360.jpg,EASTERN DAPPLE WHITE
test/Image_361.jpg,JULIA
test/Image_362.jpg,AMERICAN SNOOT
test/Image_363.jpg,SOUTHERN DOGFACE
test/Image_364.jpg,QUESTION MARK
test/Image_365.jpg,MONARCH
test/Image_366.jpg,DANAID EGGFLY
test/Image_367.jpg,PURPLE HAIRSTREAK
test/Image_368.jpg,SLEEPY ORANGE
test/Image_369.jpg,BROWN SIPROETA
test/Image_370.jpg,BANDED PEACOCK
test/Image_371.jpg,STRAITED QUEEN
test/Image_372.jpg,JULIA
test/Image_373.jpg,SOUTHERN DOGFACE
test/Image_374.jpg,WOOD SATYR
test/Image_375.jpg,SOUTHERN DOGFACE
test/Image_376.jpg,MOURNING CLOAK
test/Image_377.jpg,CAIRNS BIRDWING
test/Image_378.jpg,RED CRACKER
test/Image_379.jpg,PURPLE HAIRSTREAK
test/Image_380.jpg,TWO BARRED FLASHER
test/Image_381.jpg,RED ADMIRAL
test/Image_382.jpg,SCARCE SWALLOW
test/Image_383.jpg,BANDED PEACOCK
test/Image_384.jpg,CRECENT
test/Image_385.jpg,METALMARK
test/Image_386.jpg,EASTERN DAPPLE WHITE
test/Image_387.jpg,ORANGE TIP
test/Image_388.jpg,ORANGE TIP
test/Image_389.jpg,METALMARK
test/Image_390.jpg,ZEBRA LONG WING
test/Image_391.jpg,CRECENT
test/Image_392.jpg,RED CRACKER
test/Image_393.jpg,EASTERN PINE ELFIN
test/Image_394.jpg,PURPLE HAIRSTREAK
test/Image_395.jpg,RED SPOTTED PURPLE
test/Image_396.jpg,CLODIUS PARNASSIAN
test/Image_397.jpg,EASTERN DAPPLE WHITE
test/Image_398.jpg,PIPEVINE SWALLOW
test/Image_399.jpg,METALMARK
test/Image_400.jpg,SOUTHERN DOGFACE
test/Image_401.jpg,CLODIUS PARNASSIAN
test/Image_402.jpg,EASTERN COMA
test/Image_403.jpg,SLEEPY ORANGE
test/Image_404.jpg,PAPER KITE
test/Image_405.jpg,ATALA
test/Image_406.jpg,MOURNING CLOAK
test/Image_407.jpg,IPHICLUS SISTER
test/Image_408.jpg,CRECENT
test/Image_409.jpg,MANGROVE SKIPPER
test/Image_410.jpg,GREY HAIRSTREAK
test/Image_411.jpg,CABBAGE WHITE
test/Image_412.jpg,COMMON BANDED AWL
test/Image_413.jpg,MONARCH
test/Image_414.jpg,EASTERN COMA
test/Image_415.jpg,PAPER KITE
test/Image_416.jpg,QUESTION MARK
test/Image_417.jpg,ZEBRA LONG WING
test/Image_418.jpg,COMMON WOOD-NYMPH
test/Image_419.jpg,MILBERTS TORTOISESHELL
test/Image_420.jpg,APPOLLO
test/Image_421.jpg,MOURNING CLOAK
test/Image_422.jpg,SCARCE SWALLOW
test/Image_423.jpg,SOOTYWING
test/Image_424.jpg,PINE WHITE
test/Image_425.jpg,BLACK HAIRSTREAK
test/Image_426.jpg,IPHICLUS SISTER
test/Image_427.jpg,TROPICAL LEAFWING
test/Image_428.jpg,BROWN SIPROETA
test/Image_429.jpg,CHESTNUT
test/Image_430.jpg,CHECQUERED SKIPPER
test/Image_431.jpg,MOURNING CLOAK
test/Image_432.jpg,ZEBRA LONG WING
test/Image_433.jpg,BANDED PEACOCK
test/Image_434.jpg,BLACK HAIRSTREAK
test/Image_435.jpg,METALMARK
test/Image_436.jpg,MOURNING CLOAK
test/Image_437.jpg,QUESTION MARK
test/Image_438.jpg,VICEROY
test/Image_439.jpg,CRECENT
test/Image_440.jpg,WOOD SATYR
test/Image_441.jpg,PAINTED LADY
test/Image_442.jpg,ELBOWED PIERROT
test/Image_443.jpg,AMERICAN SNOOT
test/Image_444.jpg,CLOUDED SULPHUR
test/Image_445.jpg,CAIRNS BIRDWING
test/Image_446.jpg,BANDED PEACOCK
test/Image_447.jpg,ULYSES
test/Image_448.jpg,YELLOW SWALLOW TAIL
test/Image_449.jpg,CAIRNS BIRDWING
test/Image_450.jpg,SOOTYWING
test/Image_451.jpg,EASTERN PINE ELFIN
test/Image_452.jpg,EASTERN COMA
test/Image_453.jpg,ADONIS
test/Image_454.jpg,SLEEPY ORANGE
test/Image_455.jpg,YELLOW SWALLOW TAIL
test/Image_456.jpg,ADONIS
test/Image_457.jpg,SOUTHERN DOGFACE
test/Image_458.jpg,STRAITED QUEEN
test/Image_459.jpg,CLEOPATRA
test/Image_460.jpg,EASTERN DAPPLE WHITE
test/Image_461.jpg,MILBERTS TORTOISESHELL
test/Image_462.jpg,BANDED PEACOCK
test/Image_463.jpg,CLOUDED SULPHUR
test/Image_464.jpg,CLODIUS PARNASSIAN
test/Image_465.jpg,AMERICAN SNOOT
test/Image_466.jpg,VICEROY
test/Image_467.jpg,CLEOPATRA
test/Image_468.jpg,CHESTNUT
test/Image_469.jpg,SOUTHERN DOGFACE
test/Image_470.jpg,ATALA
test/Image_471.jpg,ORANGE OAKLEAF
test/Image_472.jpg,EASTERN COMA
test/Image_473.jpg,CHESTNUT
test/Image_474.jpg,VICEROY
test/Image_475.jpg,PAPER KITE
test/Image_476.jpg,MESTRA
test/Image_477.jpg,ADONIS
test/Image_478.jpg,COMMON WOOD-NYMPH
test/Image_479.jpg,SOUTHERN DOGFACE
test/Image_480.jpg,RED ADMIRAL
test/Image_481.jpg,GREAT JAY
test/Image_482.jpg,EASTERN PINE ELFIN
test/Image_483.jpg,JULIA
test/Image_484.jpg,ATALA
test/Image_485.jpg,APPOLLO
test/Image_486.jpg,MILBERTS TORTOISESHELL
test/Image_487.jpg,SLEEPY ORANGE
test/Image_488.jpg,BLUE SPOTTED CROW
test/Image_489.jpg,SLEEPY ORANGE
test/Image_490.jpg,TWO BARRED FLASHER
test/Image_491.jpg,CAIRNS BIRDWING
test/Image_492.jpg,EASTERN PINE ELFIN
test/Image_493.jpg,TWO BARRED FLASHER
test/Image_494.jpg,TROPICAL LEAFWING
test/Image_495.jpg,PURPLE HAIRSTREAK
test/Image_496.jpg,ZEBRA LONG WING
test/Image_497.jpg,TWO BARRED FLASHER
test/Image_498.jpg,QUESTION MARK
test/Image_499.jpg,MONARCH
test/Image_500.jpg,CLODIUS PARNASSIAN
test/Image_501.jpg,EASTERN DAPPLE WHITE
test/Image_502.jpg,COMMON BANDED AWL
test/Image_503.jpg,CLODIUS PARNASSIAN
test/Image_504.jpg,SOUTHERN DOGFACE
test/Image_505.jpg,LARGE MARBLE
test/Image_506.jpg,MILBERTS TORTOISESHELL
test/Image_507.jpg,BLACK HAIRSTREAK
test/Image_508.jpg,POPINJAY
test/Image_509.jpg,INDRA SWALLOW
test/Image_510.jpg,GREAT EGGFLY
test/Image_511.jpg,ORCHARD SWALLOW
test/Image_512.jpg,GREEN CELLED CATTLEHEART
test/Image_513.jpg,AMERICAN SNOOT
test/Image_514.jpg,COMMON BANDED AWL
test/Image_515.jpg,IPHICLUS SISTER
test/Image_516.jpg,CLODIUS PARNASSIAN
test/Image_517.jpg,CLODIUS PARNASSIAN
test/Image_518.jpg,BLUE MORPHO
test/Image_519.jpg,APPOLLO
test/Image_520.jpg,DANAID EGGFLY
test/Image_521.jpg,SOOTYWING
test/Image_522.jpg,TROPICAL LEAFWING
test/Image_523.jpg,CHESTNUT
test/Image_524.jpg,CRECENT
test/Image_525.jpg,PIPEVINE SWALLOW
test/Image_526.jpg,VICEROY
test/Image_527.jpg,BANDED PEACOCK
test/Image_528.jpg,BLUE SPOTTED CROW
test/Image_529.jpg,SLEEPY ORANGE
test/Image_530.jpg,BLUE SPOTTED CROW
test/Image_531.jpg,PAINTED LADY
test/Image_532.jpg,SLEEPY ORANGE
test/Image_533.jpg,BLUE MORPHO
test/Image_534.jpg,CRECENT
test/Image_535.jpg,SOUTHERN DOGFACE
test/Image_536.jpg,RED CRACKER
test/Image_537.jpg,TROPICAL LEAFWING
test/Image_538.jpg,AMERICAN SNOOT
test/Image_539.jpg,PAPER KITE
test/Image_540.jpg,GOLD BANDED
test/Image_541.jpg,BLACK HAIRSTREAK
test/Image_542.jpg,CRECENT
test/Image_543.jpg,GREY HAIRSTREAK
test/Image_544.jpg,SCARCE SWALLOW
test/Image_545.jpg,SLEEPY ORANGE
test/Image_546.jpg,IPHICLUS SISTER
test/Image_547.jpg,BANDED ORANGE HELICONIAN
test/Image_548.jpg,RED ADMIRAL
test/Image_549.jpg,MILBERTS TORTOISESHELL
test/Image_550.jpg,CLOUDED SULPHUR
test/Image_551.jpg,RED CRACKER
test/Image_552.jpg,RED SPOTTED PURPLE
test/Image_553.jpg,SOUTHERN DOGFACE
test/Image_554.jpg,ULYSES
test/Image_555.jpg,ZEBRA LONG WING
test/Image_556.jpg,COMMON BANDED AWL
test/Image_557.jpg,MOURNING CLOAK
test/Image_558.jpg,COMMON WOOD-NYMPH
test/Image_559.jpg,SOUTHERN DOGFACE
test/Image_560.jpg,IPHICLUS SISTER
test/Image_561.jpg,ATALA
test/Image_562.jpg,MANGROVE SKIPPER
test/Image_563.jpg,APPOLLO
test/Image_564.jpg,MANGROVE SKIPPER
test/Image_565.jpg,COMMON WOOD-NYMPH
test/Image_566.jpg,SLEEPY ORANGE
test/Image_567.jpg,CRIMSON PATCH
test/Image_568.jpg,VICEROY
test/Image_569.jpg,CHESTNUT
test/Image_570.jpg,ATALA
test/Image_571.jpg,COMMON WOOD-NYMPH
test/Image_572.jpg,CLOUDED SULPHUR
test/Image_573.jpg,SOOTYWING
test/Image_574.jpg,CABBAGE WHITE
test/Image_575.jpg,COMMON WOOD-NYMPH
test/Image_576.jpg,CHESTNUT
test/Image_577.jpg,CLOUDED SULPHUR
test/Image_578.jpg,SCARCE SWALLOW
test/Image_579.jpg,JULIA
test/Image_580.jpg,COMMON WOOD-NYMPH
test/Image_581.jpg,COMMON WOOD-NYMPH
test/Image_582.jpg,SOUTHERN DOGFACE
test/Image_583.jpg,DANAID EGGFLY
test/Image_584.jpg,SILVER SPOT SKIPPER
test/Image_585.jpg,SILVER SPOT SKIPPER
test/Image_586.jpg,MALACHITE
test/Image_587.jpg,CRECENT
test/Image_588.jpg,JULIA
test/Image_589.jpg,COMMON BANDED AWL
test/Image_590.jpg,CLEOPATRA
test/Image_591.jpg,JULIA
test/Image_592.jpg,METALMARK
test/Image_593.jpg,CRECENT
test/Image_594.jpg,CLODIUS PARNASSIAN
test/Image_595.jpg,MILBERTS TORTOISESHELL
test/Image_596.jpg,QUESTION MARK
test/Image_597.jpg,SLEEPY ORANGE
test/Image_598.jpg,PIPEVINE SWALLOW
test/Image_599.jpg,AN 88
test/Image_600.jpg,CLEOPATRA
test/Image_601.jpg,EASTERN PINE ELFIN
test/Image_602.jpg,JULIA
test/Image_603.jpg,COMMON BANDED AWL
test/Image_604.jpg,BANDED PEACOCK
test/Image_605.jpg,PAINTED LADY
test/Image_606.jpg,GREY HAIRSTREAK
test/Image_607.jpg,PURPLISH COPPER
test/Image_608.jpg,VICEROY
test/Image_609.jpg,QUESTION MARK
test/Image_610.jpg,SLEEPY ORANGE
test/Image_611.jpg,TWO BARRED FLASHER
test/Image_612.jpg,GREEN CELLED CATTLEHEART
test/Image_613.jpg,ADONIS
test/Image_614.jpg,COMMON BANDED AWL
test/Image_615.jpg,SLEEPY ORANGE
test/Image_616.jpg,VICEROY
test/Image_617.jpg,BANDED ORANGE HELICONIAN
test/Image_618.jpg,GOLD BANDED
test/Image_619.jpg,COMMON WOOD-NYMPH
test/Image_620.jpg,EASTERN PINE ELFIN
test/Image_621.jpg,IPHICLUS SISTER
test/Image_622.jpg,CRIMSON PATCH
test/Image_623.jpg,COMMON WOOD-NYMPH
test/Image_624.jpg,SOOTYWING
test/Image_625.jpg,COMMON WOOD-NYMPH
test/Image_626.jpg,GREY HAIRSTREAK
test/Image_627.jpg,IPHICLUS SISTER
test/Image_628.jpg,IPHICLUS SISTER
test/Image_629.jpg,SLEEPY ORANGE
test/Image_630.jpg,SLEEPY ORANGE
test/Image_631.jpg,SOUTHERN DOGFACE
test/Image_632.jpg,EASTERN DAPPLE WHITE
test/Image_633.jpg,SILVER SPOT SKIPPER
test/Image_634.jpg,GREAT EGGFLY
test/Image_635.jpg,LARGE MARBLE
test/Image_636.jpg,EASTERN PINE ELFIN
test/Image_637.jpg,GREAT JAY
test/Image_638.jpg,PURPLE HAIRSTREAK
test/Image_639.jpg,EASTERN DAPPLE WHITE
test/Image_640.jpg,METALMARK
test/Image_641.jpg,RED POSTMAN
test/Image_642.jpg,ATALA
test/Image_643.jpg,EASTERN COMA
test/Image_644.jpg,DANAID EGGFLY
test/Image_645.jpg,ELBOWED PIERROT
test/Image_646.jpg,ULYSES
test/Image_647.jpg,EASTERN DAPPLE WHITE
test/Image_648.jpg,INDRA SWALLOW
test/Image_649.jpg,MOURNING CLOAK
test/Image_650.jpg,COMMON WOOD-NYMPH
test/Image_651.jpg,BLUE SPOTTED CROW
test/Image_652.jpg,CHECQUERED SKIPPER
test/Image_653.jpg,APPOLLO
test/Image_654.jpg,BANDED ORANGE HELICONIAN
test/Image_655.jpg,PURPLE HAIRSTREAK
test/Image_656.jpg,ELBOWED PIERROT
test/Image_657.jpg,CLEOPATRA
test/Image_658.jpg,GREAT JAY
test/Image_659.jpg,CHESTNUT
test/Image_660.jpg,ELBOWED PIERROT
test/Image_661.jpg,SOOTYWING
test/Image_662.jpg,CAIRNS BIRDWING
test/Image_663.jpg,CAIRNS BIRDWING
test/Image_664.jpg,CABBAGE WHITE
test/Image_665.jpg,COMMON BANDED AWL
test/Image_666.jpg,BANDED PEACOCK
test/Image_667.jpg,AMERICAN SNOOT
test/Image_668.jpg,ULYSES
test/Image_669.jpg,SOUTHERN DOGFACE
test/Image_670.jpg,APPOLLO
test/Image_671.jpg,RED ADMIRAL
test/Image_672.jpg,BANDED PEACOCK
test/Image_673.jpg,SLEEPY ORANGE
test/Image_674.jpg,COMMON WOOD-NYMPH
test/Image_675.jpg,PURPLISH COPPER
test/Image_676.jpg,JULIA
test/Image_677.jpg,SLEEPY ORANGE
test/Image_678.jpg,COMMON WOOD-NYMPH
test/Image_679.jpg,BLUE SPOTTED CROW
test/Image_680.jpg,RED POSTMAN
test/Image_681.jpg,CRIMSON PATCH
test/Image_682.jpg,QUESTION MARK
test/Image_683.jpg,DANAID EGGFLY
test/Image_684.jpg,MESTRA
test/Image_685.jpg,VICEROY
test/Image_686.jpg,COMMON WOOD-NYMPH
test/Image_687.jpg,BLUE SPOTTED CROW
test/Image_688.jpg,METALMARK
test/Image_689.jpg,TROPICAL LEAFWING
test/Image_690.jpg,BLUE MORPHO
test/Image_691.jpg,MESTRA
test/Image_692.jpg,CAIRNS BIRDWING
test/Image_693.jpg,GREY HAIRSTREAK
test/Image_694.jpg,SLEEPY ORANGE
test/Image_695.jpg,GREY HAIRSTREAK
test/Image_696.jpg,IPHICLUS SISTER
test/Image_697.jpg,CHESTNUT
test/Image_698.jpg,PAINTED LADY
test/Image_699.jpg,CLEOPATRA
test/Image_700.jpg,TROPICAL LEAFWING
test/Image_701.jpg,COMMON BANDED AWL
test/Image_702.jpg,GREEN CELLED CATTLEHEART
test/Image_703.jpg,SOOTYWING
test/Image_704.jpg,GOLD BANDED
test/Image_705.jpg,PAINTED LADY
test/Image_706.jpg,CRIMSON PATCH
test/Image_707.jpg,ULYSES
test/Image_708.jpg,PINE WHITE
test/Image_709.jpg,PURPLE HAIRSTREAK
test/Image_710.jpg,ATALA
test/Image_711.jpg,DANAID EGGFLY
test/Image_712.jpg,SOUTHERN DOGFACE
test/Image_713.jpg,GREEN CELLED CATTLEHEART
test/Image_714.jpg,RED CRACKER
test/Image_715.jpg,PAPER KITE
test/Image_716.jpg,VICEROY
test/Image_717.jpg,ULYSES
test/Image_718.jpg,DANAID EGGFLY
test/Image_719.jpg,CLODIUS PARNASSIAN
test/Image_720.jpg,YELLOW SWALLOW TAIL
test/Image_721.jpg,PAINTED LADY
test/Image_722.jpg,EASTERN PINE ELFIN
test/Image_723.jpg,DANAID EGGFLY
test/Image_724.jpg,CLODIUS PARNASSIAN
test/Image_725.jpg,BROWN SIPROETA
test/Image_726.jpg,BANDED ORANGE HELICONIAN
test/Image_727.jpg,CLEOPATRA
test/Image_728.jpg,TROPICAL LEAFWING
test/Image_729.jpg,EASTERN DAPPLE WHITE
test/Image_730.jpg,GREAT EGGFLY
test/Image_731.jpg,WOOD SATYR
test/Image_732.jpg,DANAID EGGFLY
test/Image_733.jpg,ULYSES
test/Image_734.jpg,AMERICAN SNOOT
test/Image_735.jpg,COMMON WOOD-NYMPH
test/Image_736.jpg,MANGROVE SKIPPER
test/Image_737.jpg,TWO BARRED FLASHER
test/Image_738.jpg,MILBERTS TORTOISESHELL
test/Image_739.jpg,PAINTED LADY
test/Image_740.jpg,COPPER TAIL
test/Image_741.jpg,WOOD SATYR
test/Image_742.jpg,YELLOW SWALLOW TAIL
test/Image_743.jpg,CHECQUERED SKIPPER
test/Image_744.jpg,PAPER KITE
test/Image_745.jpg,EASTERN DAPPLE WHITE
test/Image_746.jpg,CLEOPATRA
test/Image_747.jpg,EASTERN DAPPLE WHITE
test/Image_748.jpg,CLEOPATRA
test/Image_749.jpg,TROPICAL LEAFWING
test/Image_750.jpg,AFRICAN GIANT SWALLOWTAIL
test/Image_751.jpg,PAINTED LADY
test/Image_752.jpg,MOURNING CLOAK
test/Image_753.jpg,ULYSES
test/Image_754.jpg,INDRA SWALLOW
test/Image_755.jpg,POPINJAY
test/Image_756.jpg,GOLD BANDED
test/Image_757.jpg,BROWN SIPROETA
test/Image_758.jpg,COMMON WOOD-NYMPH
test/Image_759.jpg,BANDED PEACOCK
test/Image_760.jpg,TWO BARRED FLASHER
test/Image_761.jpg,WOOD SATYR
test/Image_762.jpg,GREY HAIRSTREAK
test/Image_763.jpg,PEACOCK
test/Image_764.jpg,APPOLLO
test/Image_765.jpg,METALMARK
test/Image_766.jpg,SILVER SPOT SKIPPER
test/Image_767.jpg,ATALA
test/Image_768.jpg,MILBERTS TORTOISESHELL
test/Image_769.jpg,GOLD BANDED
test/Image_770.jpg,AFRICAN GIANT SWALLOWTAIL
test/Image_771.jpg,BLUE SPOTTED CROW
test/Image_772.jpg,BLUE SPOTTED CROW
test/Image_773.jpg,PEACOCK
test/Image_774.jpg,BECKERS WHITE
test/Image_775.jpg,CLOUDED SULPHUR
test/Image_776.jpg,MALACHITE
test/Image_777.jpg,QUESTION MARK
test/Image_778.jpg,DANAID EGGFLY
test/Image_779.jpg,MILBERTS TORTOISESHELL
test/Image_780.jpg,PURPLE HAIRSTREAK
test/Image_781.jpg,RED POSTMAN
test/Image_782.jpg,CHESTNUT
test/Image_783.jpg,YELLOW SWALLOW TAIL
test/Image_784.jpg,BANDED PEACOCK
test/Image_785.jpg,COMMON WOOD-NYMPH
test/Image_786.jpg,SLEEPY ORANGE
test/Image_787.jpg,MESTRA
test/Image_788.jpg,CLEOPATRA
test/Image_789.jpg,ADONIS
test/Image_790.jpg,STRAITED QUEEN
test/Image_791.jpg,DANAID EGGFLY
test/Image_792.jpg,BLUE MORPHO
test/Image_793.jpg,MOURNING CLOAK
test/Image_794.jpg,PURPLISH COPPER
test/Image_795.jpg,SOOTYWING
test/Image_796.jpg,SILVER SPOT SKIPPER
test/Image_797.jpg,CABBAGE WHITE
test/Image_798.jpg,AMERICAN SNOOT
test/Image_799.jpg,EASTERN DAPPLE WHITE
test/Image_800.jpg,BLUE SPOTTED CROW
test/Image_801.jpg,GREEN CELLED CATTLEHEART
test/Image_802.jpg,RED ADMIRAL
test/Image_803.jpg,RED SPOTTED PURPLE
test/Image_804.jpg,MOURNING CLOAK
test/Image_805.jpg,SOOTYWING
test/Image_806.jpg,SILVER SPOT SKIPPER
test/Image_807.jpg,SLEEPY ORANGE
test/Image_808.jpg,EASTERN PINE ELFIN
test/Image_809.jpg,PAINTED LADY
test/Image_810.jpg,COMMON WOOD-NYMPH
test/Image_811.jpg,COMMON WOOD-NYMPH
test/Image_812.jpg,BLACK HAIRSTREAK
test/Image_813.jpg,EASTERN PINE ELFIN
test/Image_814.jpg,PAPER KITE
test/Image_815.jpg,STRAITED QUEEN
test/Image_816.jpg,MOURNING CLOAK
test/Image_817.jpg,BLUE SPOTTED CROW
test/Image_818.jpg,STRAITED QUEEN
test/Image_819.jpg,RED POSTMAN
test/Image_820.jpg,YELLOW SWALLOW TAIL
test/Image_821.jpg,GREAT EGGFLY
test/Image_822.jpg,CHECQUERED SKIPPER
test/Image_823.jpg,PURPLE HAIRSTREAK
test/Image_824.jpg,CAIRNS BIRDWING
test/Image_825.jpg,PIPEVINE SWALLOW
test/Image_826.jpg,MILBERTS TORTOISESHELL
test/Image_827.jpg,DANAID EGGFLY
test/Image_828.jpg,RED POSTMAN
test/Image_829.jpg,PIPEVINE SWALLOW
test/Image_830.jpg,SILVER SPOT SKIPPER
test/Image_831.jpg,BLUE SPOTTED CROW
test/Image_832.jpg,SILVER SPOT SKIPPER
test/Image_833.jpg,ELBOWED PIERROT
test/Image_834.jpg,MOURNING CLOAK
test/Image_835.jpg,COPPER TAIL
test/Image_836.jpg,APPOLLO
test/Image_837.jpg,CRIMSON PATCH
test/Image_838.jpg,MOURNING CLOAK
test/Image_839.jpg,MANGROVE SKIPPER
test/Image_840.jpg,TWO BARRED FLASHER
test/Image_841.jpg,METALMARK
test/Image_842.jpg,PURPLISH COPPER
test/Image_843.jpg,IPHICLUS SISTER
test/Image_844.jpg,AN 88
test/Image_845.jpg,CLEOPATRA
test/Image_846.jpg,CRECENT
test/Image_847.jpg,GREAT JAY
test/Image_848.jpg,COPPER TAIL
test/Image_849.jpg,PIPEVINE SWALLOW
test/Image_850.jpg,BANDED PEACOCK
test/Image_851.jpg,JULIA
test/Image_852.jpg,MILBERTS TORTOISESHELL
test/Image_853.jpg,COMMON BANDED AWL
test/Image_854.jpg,TROPICAL LEAFWING
test/Image_855.jpg,MILBERTS TORTOISESHELL
test/Image_856.jpg,SCARCE SWALLOW
test/Image_857.jpg,RED SPOTTED PURPLE
test/Image_858.jpg,CHECQUERED SKIPPER
test/Image_859.jpg,CRECENT
test/Image_860.jpg,ORCHARD SWALLOW
test/Image_861.jpg,SILVER SPOT SKIPPER
test/Image_862.jpg,SOOTYWING
test/Image_863.jpg,TROPICAL LEAFWING
test/Image_864.jpg,RED ADMIRAL
test/Image_865.jpg,SLEEPY ORANGE
test/Image_866.jpg,COMMON BANDED AWL
test/Image_867.jpg,CHECQUERED SKIPPER
test/Image_868.jpg,BLUE SPOTTED CROW
test/Image_869.jpg,AMERICAN SNOOT
test/Image_870.jpg,GREEN CELLED CATTLEHEART
test/Image_871.jpg,GREY HAIRSTREAK
test/Image_872.jpg,GREAT EGGFLY
test/Image_873.jpg,COMMON BANDED AWL
test/Image_874.jpg,GOLD BANDED
test/Image_875.jpg,AMERICAN SNOOT
test/Image_876.jpg,TWO BARRED FLASHER
test/Image_877.jpg,RED CRACKER
test/Image_878.jpg,QUESTION MARK
test/Image_879.jpg,GREAT JAY
test/Image_880.jpg,PURPLE HAIRSTREAK
test/Image_881.jpg,BLUE SPOTTED CROW
test/Image_882.jpg,COMMON WOOD-NYMPH
test/Image_883.jpg,IPHICLUS SISTER
test/Image_884.jpg,WOOD SATYR
test/Image_885.jpg,JULIA
test/Image_886.jpg,RED CRACKER
test/Image_887.jpg,GREAT EGGFLY
test/Image_888.jpg,GREY HAIRSTREAK
test/Image_889.jpg,SILVER SPOT SKIPPER
test/Image_890.jpg,COPPER TAIL
test/Image_891.jpg,BANDED ORANGE HELICONIAN
test/Image_892.jpg,EASTERN PINE ELFIN
test/Image_893.jpg,BLUE MORPHO
test/Image_894.jpg,EASTERN PINE ELFIN
test/Image_895.jpg,COMMON WOOD-NYMPH
test/Image_896.jpg,SILVER SPOT SKIPPER
test/Image_897.jpg,JULIA
test/Image_898.jpg,AMERICAN SNOOT
test/Image_899.jpg,MALACHITE
test/Image_900.jpg,WOOD SATYR
test/Image_901.jpg,METALMARK
test/Image_902.jpg,PIPEVINE SWALLOW
test/Image_903.jpg,SOOTYWING
test/Image_904.jpg,PAINTED LADY
test/Image_905.jpg,POPINJAY
test/Image_906.jpg,COMMON WOOD-NYMPH
test/Image_907.jpg,SILVER SPOT SKIPPER
test/Image_908.jpg,SCARCE SWALLOW
test/Image_909.jpg,MOURNING CLOAK
test/Image_910.jpg,BECKERS WHITE
test/Image_911.jpg,RED CRACKER
test/Image_912.jpg,TROPICAL LEAFWING
test/Image_913.jpg,QUESTION MARK
test/Image_914.jpg,EASTERN DAPPLE WHITE
test/Image_915.jpg,COMMON WOOD-NYMPH
test/Image_916.jpg,CAIRNS BIRDWING
test/Image_917.jpg,METALMARK
test/Image_918.jpg,AMERICAN SNOOT
test/Image_919.jpg,GREEN CELLED CATTLEHEART
test/Image_920.jpg,APPOLLO
test/Image_921.jpg,PEACOCK
test/Image_922.jpg,GREAT JAY
test/Image_923.jpg,BECKERS WHITE
test/Image_924.jpg,ATALA
test/Image_925.jpg,CABBAGE WHITE
test/Image_926.jpg,COMMON BANDED AWL
test/Image_927.jpg,MANGROVE SKIPPER
test/Image_928.jpg,MANGROVE SKIPPER
test/Image_929.jpg,YELLOW SWALLOW TAIL
test/Image_930.jpg,PAPER KITE
test/Image_931.jpg,EASTERN DAPPLE WHITE
test/Image_932.jpg,WOOD SATYR
test/Image_933.jpg,COMMON WOOD-NYMPH
test/Image_934.jpg,ULYSES
test/Image_935.jpg,ORANGE TIP
test/Image_936.jpg,GOLD BANDED
test/Image_937.jpg,BLUE SPOTTED CROW
test/Image_938.jpg,ORANGE TIP
test/Image_939.jpg,BANDED ORANGE HELICONIAN
test/Image_940.jpg,PIPEVINE SWALLOW
test/Image_941.jpg,MESTRA
test/Image_942.jpg,CLODIUS PARNASSIAN
test/Image_943.jpg,EASTERN COMA
test/Image_944.jpg,ZEBRA LONG WING
test/Image_945.jpg,PINE WHITE
test/Image_946.jpg,BANDED ORANGE HELICONIAN
test/Image_947.jpg,MESTRA
test/Image_948.jpg,COMMON BANDED AWL
test/Image_949.jpg,COMMON WOOD-NYMPH
test/Image_950.jpg,MANGROVE SKIPPER
test/Image_951.jpg,MOURNING CLOAK
test/Image_952.jpg,PIPEVINE SWALLOW
test/Image_953.jpg,RED POSTMAN
test/Image_954.jpg,MOURNING CLOAK
test/Image_955.jpg,LARGE MARBLE
test/Image_956.jpg,MANGROVE SKIPPER
test/Image_957.jpg,BLACK HAIRSTREAK
test/Image_958.jpg,CRECENT
test/Image_959.jpg,BLUE SPOTTED CROW
test/Image_960.jpg,IPHICLUS SISTER
test/Image_961.jpg,PINE WHITE
test/Image_962.jpg,GREAT EGGFLY
test/Image_963.jpg,SOUTHERN DOGFACE
test/Image_964.jpg,MESTRA
test/Image_965.jpg,SILVER SPOT SKIPPER
test/Image_966.jpg,METALMARK
test/Image_967.jpg,METALMARK
test/Image_968.jpg,SILVER SPOT SKIPPER
test/Image_969.jpg,JULIA
test/Image_970.jpg,AN 88
test/Image_971.jpg,ORCHARD SWALLOW
test/Image_972.jpg,MOURNING CLOAK
test/Image_973.jpg,RED CRACKER
test/Image_974.jpg,CLODIUS PARNASSIAN
test/Image_975.jpg,SILVER SPOT SKIPPER
test/Image_976.jpg,MESTRA
test/Image_977.jpg,ADONIS
test/Image_978.jpg,SOOTYWING
test/Image_979.jpg,CHESTNUT
test/Image_980.jpg,PAINTED LADY
test/Image_981.jpg,DANAID EGGFLY
test/Image_982.jpg,PINE WHITE
test/Image_983.jpg,POPINJAY
test/Image_984.jpg,MESTRA
test/Image_985.jpg,SILVER SPOT SKIPPER
test/Image_986.jpg,ADONIS
test/Image_987.jpg,WOOD SATYR
test/Image_988.jpg,WOOD SATYR
test/Image_989.jpg,ORANGE TIP
test/Image_990.jpg,ORCHARD SWALLOW
test/Image_991.jpg,MILBERTS TORTOISESHELL
test/Image_992.jpg,SLEEPY ORANGE
test/Image_993.jpg,CHESTNUT
test/Image_994.jpg,ADONIS
test/Image_995.jpg,MILBERTS TORTOISESHELL
test/Image_996.jpg,TROPICAL LEAFWING
test/Image_997.jpg,BANDED PEACOCK
test/Image_998.jpg,MILBERTS TORTOISESHELL
test/Image_999.jpg,CHECQUERED SKIPPER
test/Image_1000.jpg,TROPICAL LEAFWING
test/Image_1001.jpg,RED SPOTTED PURPLE
test/Image_1002.jpg,INDRA SWALLOW
test/Image_1003.jpg,STRAITED QUEEN
test/Image_1004.jpg,MOURNING CLOAK
test/Image_1005.jpg,CRECENT
test/Image_1006.jpg,PURPLE HAIRSTREAK
test/Image_1007.jpg,AFRICAN GIANT SWALLOWTAIL
test/Image_1008.jpg,SILVER SPOT SKIPPER
test/Image_1009.jpg,BANDED ORANGE HELICONIAN
test/Image_1010.jpg,MESTRA
test/Image_1011.jpg,ADONIS
test/Image_1012.jpg,WOOD SATYR
test/Image_1013.jpg,TROPICAL LEAFWING
test/Image_1014.jpg,MOURNING CLOAK
test/Image_1015.jpg,ORANGE OAKLEAF
test/Image_1016.jpg,GOLD BANDED
test/Image_1017.jpg,CLEOPATRA
test/Image_1018.jpg,METALMARK
test/Image_1019.jpg,METALMARK
test/Image_1020.jpg,MALACHITE
test/Image_1021.jpg,INDRA SWALLOW
test/Image_1022.jpg,COMMON WOOD-NYMPH
test/Image_1023.jpg,MILBERTS TORTOISESHELL
test/Image_1024.jpg,BLUE MORPHO
test/Image_1025.jpg,PAPER KITE
test/Image_1026.jpg,PEACOCK
test/Image_1027.jpg,METALMARK
test/Image_1028.jpg,BLACK HAIRSTREAK
test/Image_1029.jpg,MANGROVE SKIPPER
test/Image_1030.jpg,AMERICAN SNOOT
test/Image_1031.jpg,PEACOCK
test/Image_1032.jpg,BANDED PEACOCK
test/Image_1033.jpg,QUESTION MARK
test/Image_1034.jpg,PAPER KITE
test/Image_1035.jpg,COMMON BANDED AWL
test/Image_1036.jpg,MOURNING CLOAK
test/Image_1037.jpg,PEACOCK
test/Image_1038.jpg,MILBERTS TORTOISESHELL
test/Image_1039.jpg,ELBOWED PIERROT
test/Image_1040.jpg,TWO BARRED FLASHER
test/Image_1041.jpg,CRECENT
test/Image_1042.jpg,METALMARK
test/Image_1043.jpg,BROWN SIPROETA
test/Image_1044.jpg,COMMON WOOD-NYMPH
test/Image_1045.jpg,GREAT JAY
test/Image_1046.jpg,DANAID EGGFLY
test/Image_1047.jpg,POPINJAY
test/Image_1048.jpg,SLEEPY ORANGE
test/Image_1049.jpg,COMMON WOOD-NYMPH
test/Image_1050.jpg,TROPICAL LEAFWING
test/Image_1051.jpg,COMMON BANDED AWL
test/Image_1052.jpg,JULIA
test/Image_1053.jpg,TROPICAL LEAFWING
test/Image_1054.jpg,GREEN CELLED CATTLEHEART
test/Image_1055.jpg,PAPER KITE
test/Image_1056.jpg,CABBAGE WHITE
test/Image_1057.jpg,VICEROY
test/Image_1058.jpg,DANAID EGGFLY
test/Image_1059.jpg,IPHICLUS SISTER
test/Image_1060.jpg,DANAID EGGFLY
test/Image_1061.jpg,YELLOW SWALLOW TAIL
test/Image_1062.jpg,SLEEPY ORANGE
test/Image_1063.jpg,SLEEPY ORANGE
test/Image_1064.jpg,ULYSES
test/Image_1065.jpg,MOURNING CLOAK
test/Image_1066.jpg,PURPLE HAIRSTREAK
test/Image_1067.jpg,EASTERN COMA
test/Image_1068.jpg,SLEEPY ORANGE
test/Image_1069.jpg,BANDED ORANGE HELICONIAN
test/Image_1070.jpg,GREY HAIRSTREAK
test/Image_1071.jpg,COPPER TAIL
test/Image_1072.jpg,JULIA
test/Image_1073.jpg,QUESTION MARK
test/Image_1074.jpg,GREEN CELLED CATTLEHEART
test/Image_1075.jpg,CLODIUS PARNASSIAN
test/Image_1076.jpg,VICEROY
test/Image_1077.jpg,YELLOW SWALLOW TAIL
test/Image_1078.jpg,BROWN SIPROETA
test/Image_1079.jpg,BANDED ORANGE HELICONIAN
test/Image_1080.jpg,GOLD BANDED
test/Image_1081.jpg,VICEROY
test/Image_1082.jpg,SOUTHERN DOGFACE
test/Image_1083.jpg,BLUE SPOTTED CROW
test/Image_1084.jpg,ADONIS
test/Image_1085.jpg,PIPEVINE SWALLOW
test/Image_1086.jpg,DANAID EGGFLY
test/Image_1087.jpg,JULIA
test/Image_1088.jpg,CRIMSON PATCH
test/Image_1089.jpg,RED CRACKER
test/Image_1090.jpg,GREAT EGGFLY
test/Image_1091.jpg,IPHICLUS SISTER
test/Image_1092.jpg,METALMARK
test/Image_1093.jpg,ADONIS
test/Image_1094.jpg,EASTERN DAPPLE WHITE
test/Image_1095.jpg,BANDED ORANGE HELICONIAN
test/Image_1096.jpg,DANAID EGGFLY
test/Image_1097.jpg,CHESTNUT
test/Image_1098.jpg,CRIMSON PATCH
test/Image_1099.jpg,BLACK HAIRSTREAK
test/Image_1100.jpg,DANAID EGGFLY
test/Image_1101.jpg,MESTRA
test/Image_1102.jpg,POPINJAY
test/Image_1103.jpg,PIPEVINE SWALLOW
test/Image_1104.jpg,RED POSTMAN
test/Image_1105.jpg,IPHICLUS SISTER
test/Image_1106.jpg,CHECQUERED SKIPPER
test/Image_1107.jpg,SCARCE SWALLOW
test/Image_1108.jpg,ULYSES
test/Image_1109.jpg,SOOTYWING
test/Image_1110.jpg,WOOD SATYR
test/Image_1111.jpg,SCARCE SWALLOW
test/Image_1112.jpg,BLUE SPOTTED CROW
test/Image_1113.jpg,PAPER KITE
test/Image_1114.jpg,SILVER SPOT SKIPPER
test/Image_1115.jpg,METALMARK
test/Image_1116.jpg,BANDED ORANGE HELICONIAN
test/Image_1117.jpg,MANGROVE SKIPPER
test/Image_1118.jpg,ADONIS
test/Image_1119.jpg,MANGROVE SKIPPER
test/Image_1120.jpg,ULYSES
test/Image_1121.jpg,PINE WHITE
test/Image_1122.jpg,BANDED PEACOCK
test/Image_1123.jpg,COMMON BANDED AWL
test/Image_1124.jpg,DANAID EGGFLY
test/Image_1125.jpg,TROPICAL LEAFWING
test/Image_1126.jpg,INDRA SWALLOW
test/Image_1127.jpg,RED POSTMAN
test/Image_1128.jpg,VICEROY
test/Image_1129.jpg,COMMON BANDED AWL
test/Image_1130.jpg,GREAT JAY
test/Image_1131.jpg,POPINJAY
test/Image_1132.jpg,CLEOPATRA
test/Image_1133.jpg,COMMON WOOD-NYMPH
test/Image_1134.jpg,LARGE MARBLE
test/Image_1135.jpg,RED POSTMAN
test/Image_1136.jpg,VICEROY
test/Image_1137.jpg,QUESTION MARK
test/Image_1138.jpg,STRAITED QUEEN
test/Image_1139.jpg,CLOUDED SULPHUR
test/Image_1140.jpg,EASTERN PINE ELFIN
test/Image_1141.jpg,EASTERN PINE ELFIN
test/Image_1142.jpg,AN 88
test/Image_1143.jpg,CRECENT
test/Image_1144.jpg,CRIMSON PATCH
test/Image_1145.jpg,CRIMSON PATCH
test/Image_1146.jpg,SCARCE SWALLOW
test/Image_1147.jpg,RED ADMIRAL
test/Image_1148.jpg,SCARCE SWALLOW
test/Image_1149.jpg,METALMARK
test/Image_1150.jpg,EASTERN PINE ELFIN
test/Image_1151.jpg,APPOLLO
test/Image_1152.jpg,POPINJAY
test/Image_1153.jpg,QUESTION MARK
test/Image_1154.jpg,EASTERN DAPPLE WHITE
test/Image_1155.jpg,CABBAGE WHITE
test/Image_1156.jpg,SLEEPY ORANGE
test/Image_1157.jpg,SLEEPY ORANGE
test/Image_1158.jpg,STRAITED QUEEN
test/Image_1159.jpg,RED ADMIRAL
test/Image_1160.jpg,LARGE MARBLE
test/Image_1161.jpg,BANDED PEACOCK
test/Image_1162.jpg,RED CRACKER
test/Image_1163.jpg,BLUE SPOTTED CROW
test/Image_1164.jpg,MANGROVE SKIPPER
test/Image_1165.jpg,COPPER TAIL
test/Image_1166.jpg,CLOUDED SULPHUR
test/Image_1167.jpg,MOURNING CLOAK
test/Image_1168.jpg,SOUTHERN DOGFACE
test/Image_1169.jpg,PINE WHITE
test/Image_1170.jpg,RED ADMIRAL
test/Image_1171.jpg,RED POSTMAN
test/Image_1172.jpg,PAPER KITE
test/Image_1173.jpg,PURPLE HAIRSTREAK
test/Image_1174.jpg,SOOTYWING
test/Image_1175.jpg,EASTERN PINE ELFIN
test/Image_1176.jpg,PAPER KITE
test/Image_1177.jpg,PURPLISH COPPER
test/Image_1178.jpg,SLEEPY ORANGE
test/Image_1179.jpg,GREAT JAY
test/Image_1180.jpg,CAIRNS BIRDWING
test/Image_1181.jpg,ADONIS
test/Image_1182.jpg,EASTERN COMA
test/Image_1183.jpg,RED CRACKER
test/Image_1184.jpg,JULIA
test/Image_1185.jpg,PAPER KITE
test/Image_1186.jpg,ZEBRA LONG WING
test/Image_1187.jpg,POPINJAY
test/Image_1188.jpg,APPOLLO
test/Image_1189.jpg,GREEN CELLED CATTLEHEART
test/Image_1190.jpg,DANAID EGGFLY
test/Image_1191.jpg,CHECQUERED SKIPPER
test/Image_1192.jpg,DANAID EGGFLY
test/Image_1193.jpg,VICEROY
test/Image_1194.jpg,SLEEPY ORANGE
test/Image_1195.jpg,PAINTED LADY
test/Image_1196.jpg,BLACK HAIRSTREAK
test/Image_1197.jpg,CRECENT
test/Image_1198.jpg,TROPICAL LEAFWING
test/Image_1199.jpg,ULYSES
test/Image_1200.jpg,ZEBRA LONG WING
test/Image_1201.jpg,ULYSES
test/Image_1202.jpg,AN 88
test/Image_1203.jpg,MILBERTS TORTOISESHELL
test/Image_1204.jpg,BLACK HAIRSTREAK
test/Image_1205.jpg,BLUE MORPHO
test/Image_1206.jpg,CHECQUERED SKIPPER
test/Image_1207.jpg,IPHICLUS SISTER
test/Image_1208.jpg,METALMARK
test/Image_1209.jpg,STRAITED QUEEN
test/Image_1210.jpg,SLEEPY ORANGE
test/Image_1211.jpg,ADONIS
test/Image_1212.jpg,METALMARK
test/Image_1213.jpg,RED ADMIRAL
test/Image_1214.jpg,MONARCH
test/Image_1215.jpg,ATALA
test/Image_1216.jpg,ULYSES
test/Image_1217.jpg,BLUE MORPHO
test/Image_1218.jpg,COMMON BANDED AWL
test/Image_1219.jpg,TWO BARRED FLASHER
test/Image_1220.jpg,TROPICAL LEAFWING
test/Image_1221.jpg,APPOLLO
test/Image_1222.jpg,BANDED PEACOCK
test/Image_1223.jpg,BROWN SIPROETA
test/Image_1224.jpg,COMMON WOOD-NYMPH
test/Image_1225.jpg,PEACOCK
test/Image_1226.jpg,METALMARK
test/Image_1227.jpg,VICEROY
test/Image_1228.jpg,DANAID EGGFLY
test/Image_1229.jpg,INDRA SWALLOW
test/Image_1230.jpg,MOURNING CLOAK
test/Image_1231.jpg,RED CRACKER
test/Image_1232.jpg,EASTERN PINE ELFIN
test/Image_1233.jpg,SILVER SPOT SKIPPER
test/Image_1234.jpg,LARGE MARBLE
test/Image_1235.jpg,SOUTHERN DOGFACE
test/Image_1236.jpg,STRAITED QUEEN
test/Image_1237.jpg,MOURNING CLOAK
test/Image_1238.jpg,METALMARK
test/Image_1239.jpg,ORANGE TIP
test/Image_1240.jpg,BLUE SPOTTED CROW
test/Image_1241.jpg,ELBOWED PIERROT
test/Image_1242.jpg,SLEEPY ORANGE
test/Image_1243.jpg,ZEBRA LONG WING
test/Image_1244.jpg,CABBAGE WHITE
test/Image_1245.jpg,SILVER SPOT SKIPPER
test/Image_1246.jpg,CLOUDED SULPHUR
test/Image_1247.jpg,EASTERN PINE ELFIN
test/Image_1248.jpg,SLEEPY ORANGE
test/Image_1249.jpg,ULYSES
test/Image_1250.jpg,EASTERN COMA
test/Image_1251.jpg,SLEEPY ORANGE
test/Image_1252.jpg,CRECENT
test/Image_1253.jpg,MALACHITE
test/Image_1254.jpg,MESTRA
test/Image_1255.jpg,BROWN SIPROETA
test/Image_1256.jpg,MOURNING CLOAK
test/Image_1257.jpg,RED ADMIRAL
test/Image_1258.jpg,GREAT EGGFLY
test/Image_1259.jpg,PIPEVINE SWALLOW
test/Image_1260.jpg,STRAITED QUEEN
test/Image_1261.jpg,BROWN SIPROETA
test/Image_1262.jpg,MESTRA
test/Image_1263.jpg,MESTRA
test/Image_1264.jpg,LARGE MARBLE
test/Image_1265.jpg,TROPICAL LEAFWING
test/Image_1266.jpg,PAINTED LADY
test/Image_1267.jpg,TWO BARRED FLASHER
test/Image_1268.jpg,SCARCE SWALLOW
test/Image_1269.jpg,BLUE MORPHO
test/Image_1270.jpg,CLEOPATRA
test/Image_1271.jpg,BLUE MORPHO
test/Image_1272.jpg,SLEEPY ORANGE
test/Image_1273.jpg,PINE WHITE
test/Image_1274.jpg,ORCHARD SWALLOW
test/Image_1275.jpg,CAIRNS BIRDWING
test/Image_1276.jpg,INDRA SWALLOW
test/Image_1277.jpg,JULIA
test/Image_1278.jpg,MESTRA
test/Image_1279.jpg,BROWN SIPROETA
test/Image_1280.jpg,ELBOWED PIERROT
test/Image_1281.jpg,RED POSTMAN
test/Image_1282.jpg,COMMON BANDED AWL
test/Image_1283.jpg,COMMON WOOD-NYMPH
test/Image_1284.jpg,MESTRA
test/Image_1285.jpg,COMMON BANDED AWL
test/Image_1286.jpg,VICEROY
test/Image_1287.jpg,EASTERN DAPPLE WHITE
test/Image_1288.jpg,RED ADMIRAL
test/Image_1289.jpg,BROWN SIPROETA
test/Image_1290.jpg,COMMON WOOD-NYMPH
test/Image_1291.jpg,SOOTYWING
test/Image_1292.jpg,MESTRA
test/Image_1293.jpg,GREAT EGGFLY
test/Image_1294.jpg,MESTRA
test/Image_1295.jpg,CLODIUS PARNASSIAN
test/Image_1296.jpg,BLUE SPOTTED CROW
test/Image_1297.jpg,RED POSTMAN
test/Image_1298.jpg,SILVER SPOT SKIPPER
test/Image_1299.jpg,ELBOWED PIERROT
test/Image_1300.jpg,MOURNING CLOAK
test/Image_1301.jpg,VICEROY
test/Image_1302.jpg,QUESTION MARK
test/Image_1303.jpg,SILVER SPOT SKIPPER
test/Image_1304.jpg,GREY HAIRSTREAK
test/Image_1305.jpg,PINE WHITE
test/Image_1306.jpg,ORANGE OAKLEAF
test/Image_1307.jpg,EASTERN PINE ELFIN
test/Image_1308.jpg,SILVER SPOT SKIPPER
test/Image_1309.jpg,PAPER KITE
test/Image_1310.jpg,METALMARK
test/Image_1311.jpg,ELBOWED PIERROT
test/Image_1312.jpg,BANDED ORANGE HELICONIAN
test/Image_1313.jpg,CRIMSON PATCH
test/Image_1314.jpg,PAINTED LADY
test/Image_1315.jpg,SOUTHERN DOGFACE
test/Image_1316.jpg,MOURNING CLOAK
test/Image_1317.jpg,GREY HAIRSTREAK
test/Image_1318.jpg,SOUTHERN DOGFACE
test/Image_1319.jpg,BECKERS WHITE
test/Image_1320.jpg,SILVER SPOT SKIPPER
test/Image_1321.jpg,SLEEPY ORANGE
test/Image_1322.jpg,SOUTHERN DOGFACE
test/Image_1323.jpg,METALMARK
test/Image_1324.jpg,ATALA
test/Image_1325.jpg,BROWN SIPROETA
test/Image_1326.jpg,MESTRA
test/Image_1327.jpg,ORANGE TIP
test/Image_1328.jpg,YELLOW SWALLOW TAIL
test/Image_1329.jpg,COMMON BANDED AWL
test/Image_1330.jpg,PIPEVINE SWALLOW
test/Image_1331.jpg,DANAID EGGFLY
test/Image_1332.jpg,ELBOWED PIERROT
test/Image_1333.jpg,DANAID EGGFLY
test/Image_1334.jpg,RED ADMIRAL
test/Image_1335.jpg,SCARCE SWALLOW
test/Image_1336.jpg,PURPLE HAIRSTREAK
test/Image_1337.jpg,CLODIUS PARNASSIAN
test/Image_1338.jpg,CHECQUERED SKIPPER
test/Image_1339.jpg,COMMON WOOD-NYMPH
test/Image_1340.jpg,CRIMSON PATCH
test/Image_1341.jpg,TROPICAL LEAFWING
test/Image_1342.jpg,MANGROVE SKIPPER
test/Image_1343.jpg,TWO BARRED FLASHER
test/Image_1344.jpg,AN 88
test/Image_1345.jpg,SLEEPY ORANGE
test/Image_1346.jpg,CLODIUS PARNASSIAN
test/Image_1347.jpg,SOUTHERN DOGFACE
test/Image_1348.jpg,QUESTION MARK
test/Image_1349.jpg,ATALA
test/Image_1350.jpg,BANDED PEACOCK
test/Image_1351.jpg,SLEEPY ORANGE
test/Image_1352.jpg,ATALA
test/Image_1353.jpg,EASTERN DAPPLE WHITE
test/Image_1354.jpg,ORANGE TIP
test/Image_1355.jpg,EASTERN COMA
test/Image_1356.jpg,APPOLLO
test/Image_1357.jpg,SLEEPY ORANGE
test/Image_1358.jpg,CAIRNS BIRDWING
test/Image_1359.jpg,EASTERN COMA
test/Image_1360.jpg,IPHICLUS SISTER
test/Image_1361.jpg,GREAT JAY
test/Image_1362.jpg,WOOD SATYR
test/Image_1363.jpg,ORANGE TIP
test/Image_1364.jpg,BLUE SPOTTED CROW
test/Image_1365.jpg,GREEN CELLED CATTLEHEART
test/Image_1366.jpg,MOURNING CLOAK
test/Image_1367.jpg,PINE WHITE
test/Image_1368.jpg,BANDED PEACOCK
test/Image_1369.jpg,GREY HAIRSTREAK
test/Image_1370.jpg,APPOLLO
test/Image_1371.jpg,EASTERN COMA
test/Image_1372.jpg,RED CRACKER
test/Image_1373.jpg,SOUTHERN DOGFACE
test/Image_1374.jpg,PEACOCK
test/Image_1375.jpg,SCARCE SWALLOW
test/Image_1376.jpg,AN 88
test/Image_1377.jpg,PAPER KITE
test/Image_1378.jpg,LARGE MARBLE
test/Image_1379.jpg,MOURNING CLOAK
test/Image_1380.jpg,POPINJAY
test/Image_1381.jpg,SOUTHERN DOGFACE
test/Image_1382.jpg,CHECQUERED SKIPPER
test/Image_1383.jpg,LARGE MARBLE
test/Image_1384.jpg,METALMARK
test/Image_1385.jpg,GREY HAIRSTREAK
test/Image_1386.jpg,PEACOCK
test/Image_1387.jpg,PINE WHITE
test/Image_1388.jpg,EASTERN PINE ELFIN
test/Image_1389.jpg,PURPLISH COPPER
test/Image_1390.jpg,AN 88
test/Image_1391.jpg,CLOUDED SULPHUR
test/Image_1392.jpg,ELBOWED PIERROT
test/Image_1393.jpg,BLUE SPOTTED CROW
test/Image_1394.jpg,INDRA SWALLOW
test/Image_1395.jpg,METALMARK
test/Image_1396.jpg,SCARCE SWALLOW
test/Image_1397.jpg,CHESTNUT
test/Image_1398.jpg,GREY HAIRSTREAK
test/Image_1399.jpg,AMERICAN SNOOT
test/Image_1400.jpg,ZEBRA LONG WING
test/Image_1401.jpg,CLOUDED SULPHUR
test/Image_1402.jpg,DANAID EGGFLY
test/Image_1403.jpg,BLUE SPOTTED CROW
test/Image_1404.jpg,CLEOPATRA
test/Image_1405.jpg,PAINTED LADY
test/Image_1406.jpg,GREAT EGGFLY
test/Image_1407.jpg,PURPLE HAIRSTREAK
test/Image_1408.jpg,ORANGE TIP
test/Image_1409.jpg,RED SPOTTED PURPLE
test/Image_1410.jpg,ATALA
test/Image_1411.jpg,CLOUDED SULPHUR
test/Image_1412.jpg,MOURNING CLOAK
test/Image_1413.jpg,BANDED ORANGE HELICONIAN
test/Image_1414.jpg,AFRICAN GIANT SWALLOWTAIL
test/Image_1415.jpg,ORANGE OAKLEAF
test/Image_1416.jpg,RED POSTMAN
test/Image_1417.jpg,CLODIUS PARNASSIAN
test/Image_1418.jpg,ADONIS
test/Image_1419.jpg,TWO BARRED FLASHER
test/Image_1420.jpg,MANGROVE SKIPPER
test/Image_1421.jpg,SLEEPY ORANGE
test/Image_1422.jpg,BROWN SIPROETA
test/Image_1423.jpg,JULIA
test/Image_1424.jpg,BLACK HAIRSTREAK
test/Image_1425.jpg,BANDED PEACOCK
test/Image_1426.jpg,BANDED ORANGE HELICONIAN
test/Image_1427.jpg,BLUE SPOTTED CROW
test/Image_1428.jpg,BANDED PEACOCK
test/Image_1429.jpg,BANDED PEACOCK
test/Image_1430.jpg,GOLD BANDED
test/Image_1431.jpg,CRECENT
test/Image_1432.jpg,SILVER SPOT SKIPPER
test/Image_1433.jpg,INDRA SWALLOW
test/Image_1434.jpg,TROPICAL LEAFWING
test/Image_1435.jpg,CLOUDED SULPHUR
test/Image_1436.jpg,PURPLE HAIRSTREAK
test/Image_1437.jpg,AMERICAN SNOOT
test/Image_1438.jpg,BANDED PEACOCK
test/Image_1439.jpg,ELBOWED PIERROT
test/Image_1440.jpg,TROPICAL LEAFWING
test/Image_1441.jpg,ORCHARD SWALLOW
test/Image_1442.jpg,SILVER SPOT SKIPPER
test/Image_1443.jpg,BANDED PEACOCK
test/Image_1444.jpg,BLACK HAIRSTREAK
test/Image_1445.jpg,CRECENT
test/Image_1446.jpg,CRECENT
test/Image_1447.jpg,ZEBRA LONG WING
test/Image_1448.jpg,PAPER KITE
test/Image_1449.jpg,MOURNING CLOAK
test/Image_1450.jpg,SLEEPY ORANGE
test/Image_1451.jpg,APPOLLO
test/Image_1452.jpg,DANAID EGGFLY
test/Image_1453.jpg,DANAID EGGFLY
test/Image_1454.jpg,VICEROY
test/Image_1455.jpg,PAPER KITE
test/Image_1456.jpg,BECKERS WHITE
test/Image_1457.jpg,BROWN SIPROETA
test/Image_1458.jpg,CLEOPATRA
test/Image_1459.jpg,ORANGE OAKLEAF
test/Image_1460.jpg,SOUTHERN DOGFACE
test/Image_1461.jpg,WOOD SATYR
test/Image_1462.jpg,WOOD SATYR
test/Image_1463.jpg,COMMON WOOD-NYMPH
test/Image_1464.jpg,BLACK HAIRSTREAK
test/Image_1465.jpg,CLODIUS PARNASSIAN
test/Image_1466.jpg,CRECENT
test/Image_1467.jpg,COMMON WOOD-NYMPH
test/Image_1468.jpg,COMMON WOOD-NYMPH
test/Image_1469.jpg,TWO BARRED FLASHER
test/Image_1470.jpg,APPOLLO
test/Image_1471.jpg,SILVER SPOT SKIPPER
test/Image_1472.jpg,SLEEPY ORANGE
test/Image_1473.jpg,COMMON BANDED AWL
test/Image_1474.jpg,ELBOWED PIERROT
test/Image_1475.jpg,SLEEPY ORANGE
test/Image_1476.jpg,CLOUDED SULPHUR
test/Image_1477.jpg,SLEEPY ORANGE
test/Image_1478.jpg,STRAITED QUEEN
test/Image_1479.jpg,EASTERN PINE ELFIN
test/Image_1480.jpg,ADONIS
test/Image_1481.jpg,INDRA SWALLOW
test/Image_1482.jpg,CAIRNS BIRDWING
test/Image_1483.jpg,ULYSES
test/Image_1484.jpg,COMMON BANDED AWL
test/Image_1485.jpg,GREY HAIRSTREAK
test/Image_1486.jpg,AN 88
test/Image_1487.jpg,EASTERN COMA
test/Image_1488.jpg,STRAITED QUEEN
test/Image_1489.jpg,ZEBRA LONG WING
test/Image_1490.jpg,ORCHARD SWALLOW
test/Image_1491.jpg,STRAITED QUEEN
test/Image_1492.jpg,CLOUDED SULPHUR
test/Image_1493.jpg,BANDED PEACOCK
test/Image_1494.jpg,SOUTHERN DOGFACE
test/Image_1495.jpg,MOURNING CLOAK
test/Image_1496.jpg,CRECENT
test/Image_1497.jpg,ULYSES
test/Image_1498.jpg,WOOD SATYR
test/Image_1499.jpg,ZEBRA LONG WING
test/Image_1500.jpg,DANAID EGGFLY
test/Image_1501.jpg,RED SPOTTED PURPLE
test/Image_1502.jpg,GREEN CELLED CATTLEHEART
test/Image_1503.jpg,RED CRACKER
test/Image_1504.jpg,COMMON WOOD-NYMPH
test/Image_1505.jpg,RED CRACKER
test/Image_1506.jpg,RED POSTMAN
test/Image_1507.jpg,CABBAGE WHITE
test/Image_1508.jpg,CAIRNS BIRDWING
test/Image_1509.jpg,DANAID EGGFLY
test/Image_1510.jpg,COMMON WOOD-NYMPH
test/Image_1511.jpg,GREY HAIRSTREAK
test/Image_1512.jpg,BANDED ORANGE HELICONIAN
test/Image_1513.jpg,PINE WHITE
test/Image_1514.jpg,QUESTION MARK
test/Image_1515.jpg,CRIMSON PATCH
test/Image_1516.jpg,SILVER SPOT SKIPPER
test/Image_1517.jpg,GREAT EGGFLY
test/Image_1518.jpg,VICEROY
test/Image_1519.jpg,PIPEVINE SWALLOW
test/Image_1520.jpg,ADONIS
test/Image_1521.jpg,MILBERTS TORTOISESHELL
test/Image_1522.jpg,ORANGE TIP
test/Image_1523.jpg,GREAT EGGFLY
test/Image_1524.jpg,SOUTHERN DOGFACE
test/Image_1525.jpg,ULYSES
test/Image_1526.jpg,QUESTION MARK
test/Image_1527.jpg,BECKERS WHITE
test/Image_1528.jpg,GREY HAIRSTREAK
test/Image_1529.jpg,METALMARK
test/Image_1530.jpg,SOUTHERN DOGFACE
test/Image_1531.jpg,ORANGE OAKLEAF
test/Image_1532.jpg,ORANGE TIP
test/Image_1533.jpg,EASTERN PINE ELFIN
test/Image_1534.jpg,RED POSTMAN
test/Image_1535.jpg,CRIMSON PATCH
test/Image_1536.jpg,PINE WHITE
test/Image_1537.jpg,ORANGE TIP
test/Image_1538.jpg,MALACHITE
test/Image_1539.jpg,POPINJAY
test/Image_1540.jpg,AN 88
test/Image_1541.jpg,SCARCE SWALLOW
test/Image_1542.jpg,PAPER KITE
test/Image_1543.jpg,BANDED PEACOCK
test/Image_1544.jpg,RED ADMIRAL
test/Image_1545.jpg,METALMARK
test/Image_1546.jpg,VICEROY
test/Image_1547.jpg,RED CRACKER
test/Image_1548.jpg,INDRA SWALLOW
test/Image_1549.jpg,MOURNING CLOAK
test/Image_1550.jpg,GOLD BANDED
test/Image_1551.jpg,MILBERTS TORTOISESHELL
test/Image_1552.jpg,PURPLISH COPPER
test/Image_1553.jpg,BANDED PEACOCK
test/Image_1554.jpg,PAINTED LADY
test/Image_1555.jpg,TWO BARRED FLASHER
test/Image_1556.jpg,TROPICAL LEAFWING
test/Image_1557.jpg,INDRA SWALLOW
test/Image_1558.jpg,BLACK HAIRSTREAK
test/Image_1559.jpg,CRECENT
test/Image_1560.jpg,MILBERTS TORTOISESHELL
test/Image_1561.jpg,SCARCE SWALLOW
test/Image_1562.jpg,CAIRNS BIRDWING
test/Image_1563.jpg,BLUE SPOTTED CROW
test/Image_1564.jpg,PURPLE HAIRSTREAK
test/Image_1565.jpg,BLACK HAIRSTREAK
test/Image_1566.jpg,GREY HAIRSTREAK
test/Image_1567.jpg,ADONIS
test/Image_1568.jpg,DANAID EGGFLY
test/Image_1569.jpg,AN 88
test/Image_1570.jpg,CHECQUERED SKIPPER
test/Image_1571.jpg,MANGROVE SKIPPER
test/Image_1572.jpg,VICEROY
test/Image_1573.jpg,TROPICAL LEAFWING
test/Image_1574.jpg,PINE WHITE
test/Image_1575.jpg,RED SPOTTED PURPLE
test/Image_1576.jpg,GREY HAIRSTREAK
test/Image_1577.jpg,SOOTYWING
test/Image_1578.jpg,RED POSTMAN
test/Image_1579.jpg,COMMON WOOD-NYMPH
test/Image_1580.jpg,ADONIS
test/Image_1581.jpg,INDRA SWALLOW
test/Image_1582.jpg,ORANGE OAKLEAF
test/Image_1583.jpg,MILBERTS TORTOISESHELL
test/Image_1584.jpg,SOUTHERN DOGFACE
test/Image_1585.jpg,SLEEPY ORANGE
test/Image_1586.jpg,CHESTNUT
test/Image_1587.jpg,AMERICAN SNOOT
test/Image_1588.jpg,COMMON BANDED AWL
test/Image_1589.jpg,COMMON WOOD-NYMPH
test/Image_1590.jpg,GREAT JAY
test/Image_1591.jpg,AMERICAN SNOOT
test/Image_1592.jpg,STRAITED QUEEN
test/Image_1593.jpg,SLEEPY ORANGE
test/Image_1594.jpg,WOOD SATYR
test/Image_1595.jpg,RED SPOTTED PURPLE
test/Image_1596.jpg,GOLD BANDED
test/Image_1597.jpg,BECKERS WHITE
test/Image_1598.jpg,MANGROVE SKIPPER
test/Image_1599.jpg,MANGROVE SKIPPER
test/Image_1600.jpg,COMMON WOOD-NYMPH
test/Image_1601.jpg,PINE WHITE
test/Image_1602.jpg,BECKERS WHITE
test/Image_1603.jpg,AMERICAN SNOOT
test/Image_1604.jpg,DANAID EGGFLY
test/Image_1605.jpg,SCARCE SWALLOW
test/Image_1606.jpg,ZEBRA LONG WING
test/Image_1607.jpg,GREEN CELLED CATTLEHEART
test/Image_1608.jpg,ULYSES
test/Image_1609.jpg,BROWN SIPROETA
test/Image_1610.jpg,CHECQUERED SKIPPER
test/Image_1611.jpg,MILBERTS TORTOISESHELL
test/Image_1612.jpg,EASTERN COMA
test/Image_1613.jpg,CLODIUS PARNASSIAN
test/Image_1614.jpg,RED CRACKER
test/Image_1615.jpg,SCARCE SWALLOW
test/Image_1616.jpg,CLEOPATRA
test/Image_1617.jpg,YELLOW SWALLOW TAIL
test/Image_1618.jpg,EASTERN DAPPLE WHITE
test/Image_1619.jpg,RED SPOTTED PURPLE
test/Image_1620.jpg,GREAT EGGFLY
test/Image_1621.jpg,SOOTYWING
test/Image_1622.jpg,PINE WHITE
test/Image_1623.jpg,BLACK HAIRSTREAK
test/Image_1624.jpg,GOLD BANDED
test/Image_1625.jpg,METALMARK
test/Image_1626.jpg,COMMON WOOD-NYMPH
test/Image_1627.jpg,ULYSES
test/Image_1628.jpg,WOOD SATYR
test/Image_1629.jpg,TWO BARRED FLASHER
test/Image_1630.jpg,PIPEVINE SWALLOW
test/Image_1631.jpg,PAINTED LADY
test/Image_1632.jpg,JULIA
test/Image_1633.jpg,SLEEPY ORANGE
test/Image_1634.jpg,AN 88
test/Image_1635.jpg,AN 88
test/Image_1636.jpg,AFRICAN GIANT SWALLOWTAIL
test/Image_1637.jpg,PURPLE HAIRSTREAK
test/Image_1638.jpg,SCARCE SWALLOW
test/Image_1639.jpg,ORANGE OAKLEAF
test/Image_1640.jpg,JULIA
test/Image_1641.jpg,RED CRACKER
test/Image_1642.jpg,SOUTHERN DOGFACE
test/Image_1643.jpg,MESTRA
test/Image_1644.jpg,EASTERN COMA
test/Image_1645.jpg,TWO BARRED FLASHER
test/Image_1646.jpg,PEACOCK
test/Image_1647.jpg,SLEEPY ORANGE
test/Image_1648.jpg,BANDED PEACOCK
test/Image_1649.jpg,EASTERN PINE ELFIN
test/Image_1650.jpg,MESTRA
test/Image_1651.jpg,SOUTHERN DOGFACE
test/Image_1652.jpg,COMMON WOOD-NYMPH
test/Image_1653.jpg,SILVER SPOT SKIPPER
test/Image_1654.jpg,RED POSTMAN
test/Image_1655.jpg,SOOTYWING
test/Image_1656.jpg,SOUTHERN DOGFACE
test/Image_1657.jpg,EASTERN PINE ELFIN
test/Image_1658.jpg,GREAT JAY
test/Image_1659.jpg,MANGROVE SKIPPER
test/Image_1660.jpg,PAINTED LADY
test/Image_1661.jpg,CLEOPATRA
test/Image_1662.jpg,BANDED PEACOCK
test/Image_1663.jpg,SCARCE SWALLOW
test/Image_1664.jpg,CLODIUS PARNASSIAN
test/Image_1665.jpg,COMMON BANDED AWL
test/Image_1666.jpg,AFRICAN GIANT SWALLOWTAIL
test/Image_1667.jpg,MILBERTS TORTOISESHELL
test/Image_1668.jpg,STRAITED QUEEN
test/Image_1669.jpg,CHESTNUT
test/Image_1670.jpg,CLOUDED SULPHUR
test/Image_1671.jpg,CAIRNS BIRDWING
test/Image_1672.jpg,METALMARK
test/Image_1673.jpg,MALACHITE
test/Image_1674.jpg,RED ADMIRAL
test/Image_1675.jpg,COMMON WOOD-NYMPH
test/Image_1676.jpg,BANDED PEACOCK
test/Image_1677.jpg,ORCHARD SWALLOW
test/Image_1678.jpg,AFRICAN GIANT SWALLOWTAIL
test/Image_1679.jpg,ADONIS
test/Image_1680.jpg,CLEOPATRA
test/Image_1681.jpg,MOURNING CLOAK
test/Image_1682.jpg,METALMARK
test/Image_1683.jpg,JULIA
test/Image_1684.jpg,MESTRA
test/Image_1685.jpg,AMERICAN SNOOT
test/Image_1686.jpg,ADONIS
test/Image_1687.jpg,ZEBRA LONG WING
test/Image_1688.jpg,GREAT JAY
test/Image_1689.jpg,GREAT JAY
test/Image_1690.jpg,ORANGE TIP
test/Image_1691.jpg,QUESTION MARK
test/Image_1692.jpg,WOOD SATYR
test/Image_1693.jpg,AFRICAN GIANT SWALLOWTAIL
test/Image_1694.jpg,AFRICAN GIANT SWALLOWTAIL
test/Image_1695.jpg,SILVER SPOT SKIPPER
test/Image_1696.jpg,EASTERN PINE ELFIN
test/Image_1697.jpg,WOOD SATYR
test/Image_1698.jpg,SOOTYWING
test/Image_1699.jpg,MESTRA
test/Image_1700.jpg,RED CRACKER
test/Image_1701.jpg,SILVER SPOT SKIPPER
test/Image_1702.jpg,COMMON WOOD-NYMPH
test/Image_1703.jpg,INDRA SWALLOW
test/Image_1704.jpg,RED ADMIRAL
test/Image_1705.jpg,COMMON BANDED AWL
test/Image_1706.jpg,ATALA
test/Image_1707.jpg,EASTERN DAPPLE WHITE
test/Image_1708.jpg,PURPLE HAIRSTREAK
test/Image_1709.jpg,TROPICAL LEAFWING
test/Image_1710.jpg,CHECQUERED SKIPPER
test/Image_1711.jpg,SLEEPY ORANGE
test/Image_1712.jpg,RED SPOTTED PURPLE
test/Image_1713.jpg,ADONIS
test/Image_1714.jpg,BLUE MORPHO
test/Image_1715.jpg,EASTERN DAPPLE WHITE
test/Image_1716.jpg,QUESTION MARK
test/Image_1717.jpg,PAPER KITE
test/Image_1718.jpg,WOOD SATYR
test/Image_1719.jpg,BLUE MORPHO
test/Image_1720.jpg,CRECENT
test/Image_1721.jpg,METALMARK
test/Image_1722.jpg,COMMON WOOD-NYMPH
test/Image_1723.jpg,LARGE MARBLE
test/Image_1724.jpg,BECKERS WHITE
test/Image_1725.jpg,BLUE SPOTTED CROW
test/Image_1726.jpg,BLUE SPOTTED CROW
test/Image_1727.jpg,ADONIS
test/Image_1728.jpg,SLEEPY ORANGE
test/Image_1729.jpg,SOOTYWING
test/Image_1730.jpg,APPOLLO
test/Image_1731.jpg,COMMON WOOD-NYMPH
test/Image_1732.jpg,EASTERN COMA
test/Image_1733.jpg,MOURNING CLOAK
test/Image_1734.jpg,TWO BARRED FLASHER
test/Image_1735.jpg,ADONIS
test/Image_1736.jpg,COMMON WOOD-NYMPH
test/Image_1737.jpg,SILVER SPOT SKIPPER
test/Image_1738.jpg,GREEN CELLED CATTLEHEART
test/Image_1739.jpg,ORANGE TIP
test/Image_1740.jpg,APPOLLO
test/Image_1741.jpg,MOURNING CLOAK
test/Image_1742.jpg,PURPLE HAIRSTREAK
test/Image_1743.jpg,RED CRACKER
test/Image_1744.jpg,ADONIS
test/Image_1745.jpg,COMMON WOOD-NYMPH
test/Image_1746.jpg,SOOTYWING
test/Image_1747.jpg,MONARCH
test/Image_1748.jpg,RED POSTMAN
test/Image_1749.jpg,CLODIUS PARNASSIAN
test/Image_1750.jpg,MANGROVE SKIPPER
test/Image_1751.jpg,ATALA
test/Image_1752.jpg,SOUTHERN DOGFACE
test/Image_1753.jpg,EASTERN COMA
test/Image_1754.jpg,TWO BARRED FLASHER
test/Image_1755.jpg,SCARCE SWALLOW
test/Image_1756.jpg,MILBERTS TORTOISESHELL
test/Image_1757.jpg,MESTRA
test/Image_1758.jpg,GREAT EGGFLY
test/Image_1759.jpg,VICEROY
test/Image_1760.jpg,BLUE SPOTTED CROW
test/Image_1761.jpg,TWO BARRED FLASHER
test/Image_1762.jpg,YELLOW SWALLOW TAIL
test/Image_1763.jpg,CABBAGE WHITE
test/Image_1764.jpg,PAPER KITE
test/Image_1765.jpg,COMMON BANDED AWL
test/Image_1766.jpg,MANGROVE SKIPPER
test/Image_1767.jpg,TROPICAL LEAFWING
test/Image_1768.jpg,SILVER SPOT SKIPPER
test/Image_1769.jpg,MONARCH
test/Image_1770.jpg,ULYSES
test/Image_1771.jpg,COMMON WOOD-NYMPH
test/Image_1772.jpg,BLUE SPOTTED CROW
test/Image_1773.jpg,INDRA SWALLOW
test/Image_1774.jpg,SCARCE SWALLOW
test/Image_1775.jpg,DANAID EGGFLY
test/Image_1776.jpg,SCARCE SWALLOW
test/Image_1777.jpg,IPHICLUS SISTER
test/Image_1778.jpg,VICEROY
test/Image_1779.jpg,DANAID EGGFLY
test/Image_1780.jpg,EASTERN COMA
test/Image_1781.jpg,ATALA
test/Image_1782.jpg,EASTERN DAPPLE WHITE
test/Image_1783.jpg,PAINTED LADY
test/Image_1784.jpg,GOLD BANDED
test/Image_1785.jpg,EASTERN DAPPLE WHITE
test/Image_1786.jpg,PURPLISH COPPER
test/Image_1787.jpg,CRECENT
test/Image_1788.jpg,GREEN CELLED CATTLEHEART
test/Image_1789.jpg,VICEROY
test/Image_1790.jpg,LARGE MARBLE
test/Image_1791.jpg,MALACHITE
test/Image_1792.jpg,GOLD BANDED
test/Image_1793.jpg,PURPLE HAIRSTREAK
test/Image_1794.jpg,MOURNING CLOAK
test/Image_1795.jpg,EASTERN COMA
test/Image_1796.jpg,PEACOCK
test/Image_1797.jpg,ORANGE TIP
test/Image_1798.jpg,MALACHITE
test/Image_1799.jpg,GREY HAIRSTREAK
test/Image_1800.jpg,BLUE SPOTTED CROW
test/Image_1801.jpg,GREAT EGGFLY
test/Image_1802.jpg,COMMON WOOD-NYMPH
test/Image_1803.jpg,CHECQUERED SKIPPER
test/Image_1804.jpg,VICEROY
test/Image_1805.jpg,PEACOCK
test/Image_1806.jpg,SOUTHERN DOGFACE
test/Image_1807.jpg,GREEN CELLED CATTLEHEART
test/Image_1808.jpg,BROWN SIPROETA
test/Image_1809.jpg,PINE WHITE
test/Image_1810.jpg,BROWN SIPROETA
test/Image_1811.jpg,SCARCE SWALLOW
test/Image_1812.jpg,BANDED ORANGE HELICONIAN
test/Image_1813.jpg,GREAT EGGFLY
test/Image_1814.jpg,COMMON WOOD-NYMPH
test/Image_1815.jpg,PINE WHITE
test/Image_1816.jpg,TWO BARRED FLASHER
test/Image_1817.jpg,GOLD BANDED
test/Image_1818.jpg,ORANGE TIP
test/Image_1819.jpg,SOUTHERN DOGFACE
test/Image_1820.jpg,POPINJAY
test/Image_1821.jpg,MALACHITE
test/Image_1822.jpg,RED SPOTTED PURPLE
test/Image_1823.jpg,MESTRA
test/Image_1824.jpg,PAINTED LADY
test/Image_1825.jpg,ADONIS
test/Image_1826.jpg,METALMARK
test/Image_1827.jpg,IPHICLUS SISTER
test/Image_1828.jpg,BLACK HAIRSTREAK
test/Image_1829.jpg,GREEN CELLED CATTLEHEART
test/Image_1830.jpg,PIPEVINE SWALLOW
test/Image_1831.jpg,SOUTHERN DOGFACE
test/Image_1832.jpg,ATALA
test/Image_1833.jpg,BLUE SPOTTED CROW
test/Image_1834.jpg,AN 88
test/Image_1835.jpg,GOLD BANDED
test/Image_1836.jpg,CRECENT
test/Image_1837.jpg,VICEROY
test/Image_1838.jpg,ATALA
test/Image_1839.jpg,COMMON WOOD-NYMPH
test/Image_1840.jpg,SOUTHERN DOGFACE
test/Image_1841.jpg,BLUE SPOTTED CROW
test/Image_1842.jpg,EASTERN DAPPLE WHITE
test/Image_1843.jpg,MONARCH
test/Image_1844.jpg,SLEEPY ORANGE
test/Image_1845.jpg,AN 88
test/Image_1846.jpg,CRIMSON PATCH
test/Image_1847.jpg,SOUTHERN DOGFACE
test/Image_1848.jpg,CRECENT
test/Image_1849.jpg,SLEEPY ORANGE
test/Image_1850.jpg,GREY HAIRSTREAK
test/Image_1851.jpg,YELLOW SWALLOW TAIL
test/Image_1852.jpg,EASTERN PINE ELFIN
test/Image_1853.jpg,GREAT JAY
test/Image_1854.jpg,DANAID EGGFLY
test/Image_1855.jpg,BLUE SPOTTED CROW
test/Image_1856.jpg,ULYSES
test/Image_1857.jpg,GREEN CELLED CATTLEHEART
test/Image_1858.jpg,GOLD BANDED
test/Image_1859.jpg,VICEROY
test/Image_1860.jpg,EASTERN DAPPLE WHITE
test/Image_1861.jpg,RED SPOTTED PURPLE
test/Image_1862.jpg,PURPLE HAIRSTREAK
test/Image_1863.jpg,PURPLE HAIRSTREAK
test/Image_1864.jpg,MONARCH
test/Image_1865.jpg,BECKERS WHITE
test/Image_1866.jpg,BROWN SIPROETA
test/Image_1867.jpg,ADONIS
test/Image_1868.jpg,GREAT JAY
test/Image_1869.jpg,RED POSTMAN
test/Image_1870.jpg,ADONIS
test/Image_1871.jpg,PIPEVINE SWALLOW
test/Image_1872.jpg,BLUE MORPHO
test/Image_1873.jpg,STRAITED QUEEN
test/Image_1874.jpg,BANDED PEACOCK
test/Image_1875.jpg,AFRICAN GIANT SWALLOWTAIL
test/Image_1876.jpg,ZEBRA LONG WING
test/Image_1877.jpg,ORANGE TIP
test/Image_1878.jpg,EASTERN COMA
test/Image_1879.jpg,APPOLLO
test/Image_1880.jpg,BANDED PEACOCK
test/Image_1881.jpg,COPPER TAIL
test/Image_1882.jpg,ELBOWED PIERROT
test/Image_1883.jpg,POPINJAY
test/Image_1884.jpg,CLEOPATRA
test/Image_1885.jpg,TROPICAL LEAFWING
test/Image_1886.jpg,ATALA
test/Image_1887.jpg,JULIA
test/Image_1888.jpg,MANGROVE SKIPPER
test/Image_1889.jpg,BLACK HAIRSTREAK
test/Image_1890.jpg,SOUTHERN DOGFACE
test/Image_1891.jpg,SILVER SPOT SKIPPER
test/Image_1892.jpg,SCARCE SWALLOW
test/Image_1893.jpg,GOLD BANDED
test/Image_1894.jpg,ATALA
test/Image_1895.jpg,POPINJAY
test/Image_1896.jpg,MANGROVE SKIPPER
test/Image_1897.jpg,CLOUDED SULPHUR
test/Image_1898.jpg,CRECENT
test/Image_1899.jpg,GREY HAIRSTREAK
test/Image_1900.jpg,EASTERN COMA
test/Image_1901.jpg,METALMARK
test/Image_1902.jpg,MONARCH
test/Image_1903.jpg,CRIMSON PATCH
test/Image_1904.jpg,CRIMSON PATCH
test/Image_1905.jpg,CRECENT
test/Image_1906.jpg,RED SPOTTED PURPLE
test/Image_1907.jpg,CLOUDED SULPHUR
test/Image_1908.jpg,GREAT JAY
test/Image_1909.jpg,MOURNING CLOAK
test/Image_1910.jpg,APPOLLO
test/Image_1911.jpg,COMMON WOOD-NYMPH
test/Image_1912.jpg,COMMON WOOD-NYMPH
test/Image_1913.jpg,PAPER KITE
test/Image_1914.jpg,CLODIUS PARNASSIAN
test/Image_1915.jpg,ZEBRA LONG WING
test/Image_1916.jpg,METALMARK
test/Image_1917.jpg,ADONIS
test/Image_1918.jpg,YELLOW SWALLOW TAIL
test/Image_1919.jpg,PURPLE HAIRSTREAK
test/Image_1920.jpg,RED CRACKER
test/Image_1921.jpg,TWO BARRED FLASHER
test/Image_1922.jpg,SILVER SPOT SKIPPER
test/Image_1923.jpg,JULIA
test/Image_1924.jpg,MOURNING CLOAK
test/Image_1925.jpg,EASTERN DAPPLE WHITE
test/Image_1926.jpg,SOOTYWING
test/Image_1927.jpg,RED POSTMAN
test/Image_1928.jpg,SOOTYWING
test/Image_1929.jpg,CHECQUERED SKIPPER
test/Image_1930.jpg,MANGROVE SKIPPER
test/Image_1931.jpg,MESTRA
test/Image_1932.jpg,IPHICLUS SISTER
test/Image_1933.jpg,STRAITED QUEEN
test/Image_1934.jpg,SCARCE SWALLOW
test/Image_1935.jpg,WOOD SATYR
test/Image_1936.jpg,MANGROVE SKIPPER
test/Image_1937.jpg,COMMON WOOD-NYMPH
test/Image_1938.jpg,CLOUDED SULPHUR
test/Image_1939.jpg,AFRICAN GIANT SWALLOWTAIL
test/Image_1940.jpg,CLOUDED SULPHUR
test/Image_1941.jpg,MANGROVE SKIPPER
test/Image_1942.jpg,MALACHITE
test/Image_1943.jpg,SILVER SPOT SKIPPER
test/Image_1944.jpg,GOLD BANDED
test/Image_1945.jpg,EASTERN PINE ELFIN
test/Image_1946.jpg,SOUTHERN DOGFACE
test/Image_1947.jpg,CRECENT
test/Image_1948.jpg,SILVER SPOT SKIPPER
test/Image_1949.jpg,SCARCE SWALLOW
test/Image_1950.jpg,SILVER SPOT SKIPPER
test/Image_1951.jpg,CLEOPATRA
test/Image_1952.jpg,BLUE SPOTTED CROW
test/Image_1953.jpg,TROPICAL LEAFWING
test/Image_1954.jpg,CRIMSON PATCH
test/Image_1955.jpg,SLEEPY ORANGE
test/Image_1956.jpg,MESTRA
test/Image_1957.jpg,DANAID EGGFLY
test/Image_1958.jpg,IPHICLUS SISTER
test/Image_1959.jpg,ATALA
test/Image_1960.jpg,COPPER TAIL
test/Image_1961.jpg,PINE WHITE
test/Image_1962.jpg,COMMON BANDED AWL
test/Image_1963.jpg,COPPER TAIL
test/Image_1964.jpg,BLUE SPOTTED CROW
test/Image_1965.jpg,MONARCH
test/Image_1966.jpg,PURPLE HAIRSTREAK
test/Image_1967.jpg,METALMARK
test/Image_1968.jpg,MESTRA
test/Image_1969.jpg,BLUE SPOTTED CROW
test/Image_1970.jpg,SCARCE SWALLOW
test/Image_1971.jpg,DANAID EGGFLY
test/Image_1972.jpg,RED POSTMAN
test/Image_1973.jpg,AN 88
test/Image_1974.jpg,PURPLE HAIRSTREAK
test/Image_1975.jpg,PEACOCK
test/Image_1976.jpg,CRECENT
test/Image_1977.jpg,BANDED ORANGE HELICONIAN
test/Image_1978.jpg,CABBAGE WHITE
test/Image_1979.jpg,GREY HAIRSTREAK
test/Image_1980.jpg,BANDED PEACOCK
test/Image_1981.jpg,CRIMSON PATCH
test/Image_1982.jpg,ADONIS
test/Image_1983.jpg,INDRA SWALLOW
test/Image_1984.jpg,MOURNING CLOAK
test/Image_1985.jpg,INDRA SWALLOW
test/Image_1986.jpg,CHESTNUT
test/Image_1987.jpg,RED CRACKER
test/Image_1988.jpg,ADONIS
test/Image_1989.jpg,SOUTHERN DOGFACE
test/Image_1990.jpg,VICEROY
test/Image_1991.jpg,PURPLE HAIRSTREAK
test/Image_1992.jpg,VICEROY
test/Image_1993.jpg,POPINJAY
test/Image_1994.jpg,POPINJAY
test/Image_1995.jpg,PAINTED LADY
test/Image_1996.jpg,INDRA SWALLOW
test/Image_1997.jpg,AFRICAN GIANT SWALLOWTAIL
test/Image_1998.jpg,JULIA
test/Image_1999.jpg,SCARCE SWALLOW
test/Image_2000.jpg,MILBERTS TORTOISESHELL
test/Image_2001.jpg,SOUTHERN DOGFACE
test/Image_2002.jpg,PEACOCK
test/Image_2003.jpg,VICEROY
test/Image_2004.jpg,RED CRACKER
test/Image_2005.jpg,BLUE SPOTTED CROW
test/Image_2006.jpg,BROWN SIPROETA
test/Image_2007.jpg,ZEBRA LONG WING
test/Image_2008.jpg,BLUE SPOTTED CROW
test/Image_2009.jpg,MANGROVE SKIPPER
test/Image_2010.jpg,TWO BARRED FLASHER
test/Image_2011.jpg,BLACK HAIRSTREAK
test/Image_2012.jpg,RED CRACKER
test/Image_2013.jpg,VICEROY
test/Image_2014.jpg,TROPICAL LEAFWING
test/Image_2015.jpg,GREAT EGGFLY
test/Image_2016.jpg,VICEROY
test/Image_2017.jpg,RED POSTMAN
test/Image_2018.jpg,INDRA SWALLOW
test/Image_2019.jpg,BECKERS WHITE
test/Image_2020.jpg,TROPICAL LEAFWING
test/Image_2021.jpg,TROPICAL LEAFWING
test/Image_2022.jpg,GREY HAIRSTREAK
test/Image_2023.jpg,JULIA
test/Image_2024.jpg,ORCHARD SWALLOW
test/Image_2025.jpg,GOLD BANDED
test/Image_2026.jpg,POPINJAY
test/Image_2027.jpg,CABBAGE WHITE
test/Image_2028.jpg,LARGE MARBLE
test/Image_2029.jpg,PINE WHITE
test/Image_2030.jpg,MILBERTS TORTOISESHELL
test/Image_2031.jpg,ELBOWED PIERROT
test/Image_2032.jpg,ORANGE TIP
test/Image_2033.jpg,MANGROVE SKIPPER
test/Image_2034.jpg,SOOTYWING
test/Image_2035.jpg,RED POSTMAN
test/Image_2036.jpg,ULYSES
test/Image_2037.jpg,MANGROVE SKIPPER
test/Image_2038.jpg,CAIRNS BIRDWING
test/Image_2039.jpg,SCARCE SWALLOW
test/Image_2040.jpg,POPINJAY
test/Image_2041.jpg,SLEEPY ORANGE
test/Image_2042.jpg,SILVER SPOT SKIPPER
test/Image_2043.jpg,RED ADMIRAL
test/Image_2044.jpg,EASTERN PINE ELFIN
test/Image_2045.jpg,APPOLLO
test/Image_2046.jpg,CLOUDED SULPHUR
test/Image_2047.jpg,CRECENT
test/Image_2048.jpg,BROWN SIPROETA
test/Image_2049.jpg,PAINTED LADY
test/Image_2050.jpg,SCARCE SWALLOW
test/Image_2051.jpg,WOOD SATYR
test/Image_2052.jpg,PIPEVINE SWALLOW
test/Image_2053.jpg,CLOUDED SULPHUR
test/Image_2054.jpg,ELBOWED PIERROT
test/Image_2055.jpg,METALMARK
test/Image_2056.jpg,CLEOPATRA
test/Image_2057.jpg,INDRA SWALLOW
test/Image_2058.jpg,PURPLE HAIRSTREAK
test/Image_2059.jpg,PEACOCK
test/Image_2060.jpg,CLODIUS PARNASSIAN
test/Image_2061.jpg,MANGROVE SKIPPER
test/Image_2062.jpg,SOUTHERN DOGFACE
test/Image_2063.jpg,PIPEVINE SWALLOW
test/Image_2064.jpg,CAIRNS BIRDWING
test/Image_2065.jpg,VICEROY
test/Image_2066.jpg,SOOTYWING
test/Image_2067.jpg,CLODIUS PARNASSIAN
test/Image_2068.jpg,SCARCE SWALLOW
test/Image_2069.jpg,TWO BARRED FLASHER
test/Image_2070.jpg,BLUE MORPHO
test/Image_2071.jpg,POPINJAY
test/Image_2072.jpg,MOURNING CLOAK
test/Image_2073.jpg,AFRICAN GIANT SWALLOWTAIL
test/Image_2074.jpg,ULYSES
test/Image_2075.jpg,YELLOW SWALLOW TAIL
test/Image_2076.jpg,ORANGE TIP
test/Image_2077.jpg,INDRA SWALLOW
test/Image_2078.jpg,TWO BARRED FLASHER
test/Image_2079.jpg,GREEN CELLED CATTLEHEART
test/Image_2080.jpg,PURPLE HAIRSTREAK
test/Image_2081.jpg,COMMON WOOD-NYMPH
test/Image_2082.jpg,GREY HAIRSTREAK
test/Image_2083.jpg,COMMON WOOD-NYMPH
test/Image_2084.jpg,ATALA
test/Image_2085.jpg,EASTERN COMA
test/Image_2086.jpg,QUESTION MARK
test/Image_2087.jpg,MOURNING CLOAK
test/Image_2088.jpg,DANAID EGGFLY
test/Image_2089.jpg,SOUTHERN DOGFACE
test/Image_2090.jpg,MONARCH
test/Image_2091.jpg,METALMARK
test/Image_2092.jpg,SCARCE SWALLOW
test/Image_2093.jpg,RED CRACKER
test/Image_2094.jpg,BANDED ORANGE HELICONIAN
test/Image_2095.jpg,SOUTHERN DOGFACE
test/Image_2096.jpg,ULYSES
test/Image_2097.jpg,EASTERN PINE ELFIN
test/Image_2098.jpg,COMMON WOOD-NYMPH
test/Image_2099.jpg,COMMON BANDED AWL
test/Image_2100.jpg,POPINJAY
test/Image_2101.jpg,GREEN CELLED CATTLEHEART
test/Image_2102.jpg,JULIA
test/Image_2103.jpg,BLUE SPOTTED CROW
test/Image_2104.jpg,SOUTHERN DOGFACE
test/Image_2105.jpg,ELBOWED PIERROT
test/Image_2106.jpg,COMMON WOOD-NYMPH
test/Image_2107.jpg,TROPICAL LEAFWING
test/Image_2108.jpg,MOURNING CLOAK
test/Image_2109.jpg,COMMON WOOD-NYMPH
test/Image_2110.jpg,ORCHARD SWALLOW
test/Image_2111.jpg,RED POSTMAN
test/Image_2112.jpg,AMERICAN SNOOT
test/Image_2113.jpg,CRIMSON PATCH
test/Image_2114.jpg,COMMON WOOD-NYMPH
test/Image_2115.jpg,TROPICAL LEAFWING
test/Image_2116.jpg,APPOLLO
test/Image_2117.jpg,METALMARK
test/Image_2118.jpg,GOLD BANDED
test/Image_2119.jpg,COMMON WOOD-NYMPH
test/Image_2120.jpg,AFRICAN GIANT SWALLOWTAIL
test/Image_2121.jpg,COMMON WOOD-NYMPH
test/Image_2122.jpg,MALACHITE
test/Image_2123.jpg,CRIMSON PATCH
test/Image_2124.jpg,ADONIS
test/Image_2125.jpg,SLEEPY ORANGE
test/Image_2126.jpg,EASTERN PINE ELFIN
test/Image_2127.jpg,PINE WHITE
test/Image_2128.jpg,SCARCE SWALLOW
test/Image_2129.jpg,STRAITED QUEEN
test/Image_2130.jpg,GREY HAIRSTREAK
test/Image_2131.jpg,POPINJAY
test/Image_2132.jpg,MONARCH
test/Image_2133.jpg,EASTERN COMA
test/Image_2134.jpg,SOUTHERN DOGFACE
test/Image_2135.jpg,GREAT JAY
test/Image_2136.jpg,WOOD SATYR
test/Image_2137.jpg,BANDED ORANGE HELICONIAN
test/Image_2138.jpg,MILBERTS TORTOISESHELL
test/Image_2139.jpg,SOUTHERN DOGFACE
test/Image_2140.jpg,WOOD SATYR
test/Image_2141.jpg,SLEEPY ORANGE
test/Image_2142.jpg,MOURNING CLOAK
test/Image_2143.jpg,GREY HAIRSTREAK
test/Image_2144.jpg,COMMON WOOD-NYMPH
test/Image_2145.jpg,AMERICAN SNOOT
test/Image_2146.jpg,QUESTION MARK
test/Image_2147.jpg,DANAID EGGFLY
test/Image_2148.jpg,IPHICLUS SISTER
test/Image_2149.jpg,STRAITED QUEEN
test/Image_2150.jpg,CABBAGE WHITE
test/Image_2151.jpg,CHECQUERED SKIPPER
test/Image_2152.jpg,RED SPOTTED PURPLE
test/Image_2153.jpg,TROPICAL LEAFWING
test/Image_2154.jpg,GREEN CELLED CATTLEHEART
test/Image_2155.jpg,SOOTYWING
test/Image_2156.jpg,SCARCE SWALLOW
test/Image_2157.jpg,SILVER SPOT SKIPPER
test/Image_2158.jpg,DANAID EGGFLY
test/Image_2159.jpg,MILBERTS TORTOISESHELL
test/Image_2160.jpg,IPHICLUS SISTER
test/Image_2161.jpg,BECKERS WHITE
test/Image_2162.jpg,WOOD SATYR
test/Image_2163.jpg,CRIMSON PATCH
test/Image_2164.jpg,DANAID EGGFLY
test/Image_2165.jpg,AN 88
test/Image_2166.jpg,CAIRNS BIRDWING
test/Image_2167.jpg,ULYSES
test/Image_2168.jpg,AMERICAN SNOOT
test/Image_2169.jpg,MANGROVE SKIPPER
test/Image_2170.jpg,IPHICLUS SISTER
test/Image_2171.jpg,CHESTNUT
test/Image_2172.jpg,ADONIS
test/Image_2173.jpg,CAIRNS BIRDWING
test/Image_2174.jpg,CLODIUS PARNASSIAN
test/Image_2175.jpg,RED SPOTTED PURPLE
test/Image_2176.jpg,COMMON WOOD-NYMPH
test/Image_2177.jpg,PAINTED LADY
test/Image_2178.jpg,PAINTED LADY
test/Image_2179.jpg,PAINTED LADY
test/Image_2180.jpg,QUESTION MARK
test/Image_2181.jpg,ADONIS
test/Image_2182.jpg,SILVER SPOT SKIPPER
test/Image_2183.jpg,RED ADMIRAL
test/Image_2184.jpg,PURPLE HAIRSTREAK
test/Image_2185.jpg,ATALA
test/Image_2186.jpg,COMMON BANDED AWL
test/Image_2187.jpg,RED SPOTTED PURPLE
test/Image_2188.jpg,ZEBRA LONG WING
test/Image_2189.jpg,MANGROVE SKIPPER
test/Image_2190.jpg,EASTERN PINE ELFIN
test/Image_2191.jpg,RED ADMIRAL
test/Image_2192.jpg,CHESTNUT
test/Image_2193.jpg,GREY HAIRSTREAK
test/Image_2194.jpg,AMERICAN SNOOT
test/Image_2195.jpg,SILVER SPOT SKIPPER
test/Image_2196.jpg,BLUE SPOTTED CROW
test/Image_2197.jpg,METALMARK
test/Image_2198.jpg,AMERICAN SNOOT
test/Image_2199.jpg,ZEBRA LONG WING
test/Image_2200.jpg,BLACK HAIRSTREAK
test/Image_2201.jpg,PINE WHITE
test/Image_2202.jpg,CRIMSON PATCH
test/Image_2203.jpg,EASTERN COMA
test/Image_2204.jpg,GREEN CELLED CATTLEHEART
test/Image_2205.jpg,BLUE SPOTTED CROW
test/Image_2206.jpg,CRECENT
test/Image_2207.jpg,VICEROY
test/Image_2208.jpg,TWO BARRED FLASHER
test/Image_2209.jpg,MOURNING CLOAK
test/Image_2210.jpg,MANGROVE SKIPPER
test/Image_2211.jpg,BLUE SPOTTED CROW
test/Image_2212.jpg,METALMARK
test/Image_2213.jpg,BLACK HAIRSTREAK
test/Image_2214.jpg,JULIA
test/Image_2215.jpg,PAPER KITE
test/Image_2216.jpg,CLOUDED SULPHUR
test/Image_2217.jpg,ORANGE OAKLEAF
test/Image_2218.jpg,PINE WHITE
test/Image_2219.jpg,SCARCE SWALLOW
test/Image_2220.jpg,BLUE SPOTTED CROW
test/Image_2221.jpg,WOOD SATYR
test/Image_2222.jpg,SCARCE SWALLOW
test/Image_2223.jpg,RED SPOTTED PURPLE
test/Image_2224.jpg,TWO BARRED FLASHER
test/Image_2225.jpg,CRIMSON PATCH
test/Image_2226.jpg,TWO BARRED FLASHER
test/Image_2227.jpg,RED ADMIRAL
test/Image_2228.jpg,RED SPOTTED PURPLE
test/Image_2229.jpg,PINE WHITE
test/Image_2230.jpg,CRECENT
test/Image_2231.jpg,AMERICAN SNOOT
test/Image_2232.jpg,BLUE SPOTTED CROW
test/Image_2233.jpg,CABBAGE WHITE
test/Image_2234.jpg,GREAT EGGFLY
test/Image_2235.jpg,RED SPOTTED PURPLE
test/Image_2236.jpg,COMMON WOOD-NYMPH
test/Image_2237.jpg,LARGE MARBLE
test/Image_2238.jpg,MOURNING CLOAK
test/Image_2239.jpg,SOUTHERN DOGFACE
test/Image_2240.jpg,STRAITED QUEEN
test/Image_2241.jpg,GREEN CELLED CATTLEHEART
test/Image_2242.jpg,CAIRNS BIRDWING
test/Image_2243.jpg,YELLOW SWALLOW TAIL
test/Image_2244.jpg,CLEOPATRA
test/Image_2245.jpg,BLUE SPOTTED CROW
test/Image_2246.jpg,AN 88
test/Image_2247.jpg,VICEROY
test/Image_2248.jpg,COMMON WOOD-NYMPH
test/Image_2249.jpg,GREY HAIRSTREAK
test/Image_2250.jpg,EASTERN PINE ELFIN
test/Image_2251.jpg,BANDED PEACOCK
test/Image_2252.jpg,SCARCE SWALLOW
test/Image_2253.jpg,ELBOWED PIERROT
test/Image_2254.jpg,GREEN CELLED CATTLEHEART
test/Image_2255.jpg,BECKERS WHITE
test/Image_2256.jpg,MOURNING CLOAK
test/Image_2257.jpg,ORCHARD SWALLOW
test/Image_2258.jpg,PEACOCK
test/Image_2259.jpg,COMMON BANDED AWL
test/Image_2260.jpg,CLODIUS PARNASSIAN
test/Image_2261.jpg,CLODIUS PARNASSIAN
test/Image_2262.jpg,LARGE MARBLE
test/Image_2263.jpg,AN 88
test/Image_2264.jpg,METALMARK
test/Image_2265.jpg,METALMARK
test/Image_2266.jpg,SOUTHERN DOGFACE
test/Image_2267.jpg,GREAT JAY
test/Image_2268.jpg,COMMON WOOD-NYMPH
test/Image_2269.jpg,MILBERTS TORTOISESHELL
test/Image_2270.jpg,GREY HAIRSTREAK
test/Image_2271.jpg,SILVER SPOT SKIPPER
test/Image_2272.jpg,AMERICAN SNOOT
test/Image_2273.jpg,COMMON WOOD-NYMPH
test/Image_2274.jpg,COMMON BANDED AWL
test/Image_2275.jpg,COMMON WOOD-NYMPH
test/Image_2276.jpg,CABBAGE WHITE
test/Image_2277.jpg,CLOUDED SULPHUR
test/Image_2278.jpg,SOOTYWING
test/Image_2279.jpg,GREEN CELLED CATTLEHEART
test/Image_2280.jpg,GREAT EGGFLY
test/Image_2281.jpg,ORCHARD SWALLOW
test/Image_2282.jpg,LARGE MARBLE
test/Image_2283.jpg,TWO BARRED FLASHER
test/Image_2284.jpg,COMMON BANDED AWL
test/Image_2285.jpg,SOUTHERN DOGFACE
test/Image_2286.jpg,CLOUDED SULPHUR
test/Image_2287.jpg,ADONIS
test/Image_2288.jpg,PAPER KITE
test/Image_2289.jpg,SCARCE SWALLOW
test/Image_2290.jpg,RED SPOTTED PURPLE
test/Image_2291.jpg,EASTERN PINE ELFIN
test/Image_2292.jpg,STRAITED QUEEN
test/Image_2293.jpg,GREAT JAY
test/Image_2294.jpg,CAIRNS BIRDWING
test/Image_2295.jpg,MOURNING CLOAK
test/Image_2296.jpg,MOURNING CLOAK
test/Image_2297.jpg,ELBOWED PIERROT
test/Image_2298.jpg,SOUTHERN DOGFACE
test/Image_2299.jpg,ORCHARD SWALLOW
test/Image_2300.jpg,EASTERN DAPPLE WHITE
test/Image_2301.jpg,BLACK HAIRSTREAK
test/Image_2302.jpg,STRAITED QUEEN
test/Image_2303.jpg,SOUTHERN DOGFACE
test/Image_2304.jpg,MANGROVE SKIPPER
test/Image_2305.jpg,CLOUDED SULPHUR
test/Image_2306.jpg,EASTERN DAPPLE WHITE
test/Image_2307.jpg,TWO BARRED FLASHER
test/Image_2308.jpg,MALACHITE
test/Image_2309.jpg,SLEEPY ORANGE
test/Image_2310.jpg,BANDED ORANGE HELICONIAN
test/Image_2311.jpg,TWO BARRED FLASHER
test/Image_2312.jpg,RED SPOTTED PURPLE
test/Image_2313.jpg,CAIRNS BIRDWING
test/Image_2314.jpg,IPHICLUS SISTER
test/Image_2315.jpg,CHESTNUT
test/Image_2316.jpg,PURPLE HAIRSTREAK
test/Image_2317.jpg,MALACHITE
test/Image_2318.jpg,GREAT EGGFLY
test/Image_2319.jpg,VICEROY
test/Image_2320.jpg,SILVER SPOT SKIPPER
test/Image_2321.jpg,SLEEPY ORANGE
test/Image_2322.jpg,ADONIS
test/Image_2323.jpg,ADONIS
test/Image_2324.jpg,AN 88
test/Image_2325.jpg,MANGROVE SKIPPER
test/Image_2326.jpg,EASTERN DAPPLE WHITE
test/Image_2327.jpg,METALMARK
test/Image_2328.jpg,COMMON WOOD-NYMPH
test/Image_2329.jpg,SOUTHERN DOGFACE
test/Image_2330.jpg,ORCHARD SWALLOW
test/Image_2331.jpg,SOUTHERN DOGFACE
test/Image_2332.jpg,AMERICAN SNOOT
test/Image_2333.jpg,POPINJAY
test/Image_2334.jpg,EASTERN COMA
test/Image_2335.jpg,GREY HAIRSTREAK
test/Image_2336.jpg,DANAID EGGFLY
test/Image_2337.jpg,BLUE SPOTTED CROW
test/Image_2338.jpg,CRECENT
test/Image_2339.jpg,BLACK HAIRSTREAK
test/Image_2340.jpg,PURPLE HAIRSTREAK
test/Image_2341.jpg,WOOD SATYR
test/Image_2342.jpg,APPOLLO
test/Image_2343.jpg,ORCHARD SWALLOW
test/Image_2344.jpg,BANDED ORANGE HELICONIAN
test/Image_2345.jpg,ATALA
test/Image_2346.jpg,EASTERN DAPPLE WHITE
test/Image_2347.jpg,COMMON WOOD-NYMPH
test/Image_2348.jpg,VICEROY
test/Image_2349.jpg,ORCHARD SWALLOW
test/Image_2350.jpg,CRIMSON PATCH
test/Image_2351.jpg,PEACOCK
test/Image_2352.jpg,WOOD SATYR
test/Image_2353.jpg,TWO BARRED FLASHER
test/Image_2354.jpg,TROPICAL LEAFWING
test/Image_2355.jpg,GREEN CELLED CATTLEHEART
test/Image_2356.jpg,MALACHITE
test/Image_2357.jpg,EASTERN DAPPLE WHITE
test/Image_2358.jpg,ATALA
test/Image_2359.jpg,ZEBRA LONG WING
test/Image_2360.jpg,PINE WHITE
test/Image_2361.jpg,IPHICLUS SISTER
test/Image_2362.jpg,TWO BARRED FLASHER
test/Image_2363.jpg,QUESTION MARK
test/Image_2364.jpg,PAPER KITE
test/Image_2365.jpg,JULIA
test/Image_2366.jpg,RED SPOTTED PURPLE
test/Image_2367.jpg,SLEEPY ORANGE
test/Image_2368.jpg,BECKERS WHITE
test/Image_2369.jpg,POPINJAY
test/Image_2370.jpg,AFRICAN GIANT SWALLOWTAIL
test/Image_2371.jpg,EASTERN PINE ELFIN
test/Image_2372.jpg,CLODIUS PARNASSIAN
test/Image_2373.jpg,CLOUDED SULPHUR
test/Image_2374.jpg,PAINTED LADY
test/Image_2375.jpg,MOURNING CLOAK
test/Image_2376.jpg,ORANGE TIP
test/Image_2377.jpg,MESTRA
test/Image_2378.jpg,RED CRACKER
test/Image_2379.jpg,MESTRA
test/Image_2380.jpg,ATALA
test/Image_2381.jpg,SOUTHERN DOGFACE
test/Image_2382.jpg,ADONIS
test/Image_2383.jpg,CLOUDED SULPHUR
test/Image_2384.jpg,CLOUDED SULPHUR
test/Image_2385.jpg,ADONIS
test/Image_2386.jpg,GREY HAIRSTREAK
test/Image_2387.jpg,SLEEPY ORANGE
test/Image_2388.jpg,DANAID EGGFLY
test/Image_2389.jpg,QUESTION MARK
test/Image_2390.jpg,PIPEVINE SWALLOW
test/Image_2391.jpg,SCARCE SWALLOW
test/Image_2392.jpg,MOURNING CLOAK
test/Image_2393.jpg,EASTERN DAPPLE WHITE
test/Image_2394.jpg,CLODIUS PARNASSIAN
test/Image_2395.jpg,TROPICAL LEAFWING
test/Image_2396.jpg,BANDED ORANGE HELICONIAN
test/Image_2397.jpg,POPINJAY
test/Image_2398.jpg,JULIA
test/Image_2399.jpg,ORANGE OAKLEAF
test/Image_2400.jpg,CLOUDED SULPHUR
test/Image_2401.jpg,SOOTYWING
test/Image_2402.jpg,SOUTHERN DOGFACE
test/Image_2403.jpg,BROWN SIPROETA
test/Image_2404.jpg,MESTRA
test/Image_2405.jpg,ORCHARD SWALLOW
test/Image_2406.jpg,BANDED PEACOCK
test/Image_2407.jpg,BECKERS WHITE
test/Image_2408.jpg,CLODIUS PARNASSIAN
test/Image_2409.jpg,SCARCE SWALLOW
test/Image_2410.jpg,TWO BARRED FLASHER
test/Image_2411.jpg,SLEEPY ORANGE
test/Image_2412.jpg,ELBOWED PIERROT
test/Image_2413.jpg,MALACHITE
test/Image_2414.jpg,AN 88
test/Image_2415.jpg,MANGROVE SKIPPER
test/Image_2416.jpg,ZEBRA LONG WING
test/Image_2417.jpg,ATALA
test/Image_2418.jpg,TWO BARRED FLASHER
test/Image_2419.jpg,APPOLLO
test/Image_2420.jpg,PINE WHITE
test/Image_2421.jpg,ELBOWED PIERROT
test/Image_2422.jpg,ADONIS
test/Image_2423.jpg,GREAT EGGFLY
test/Image_2424.jpg,AN 88
test/Image_2425.jpg,RED CRACKER
test/Image_2426.jpg,GOLD BANDED
test/Image_2427.jpg,CLEOPATRA
test/Image_2428.jpg,MANGROVE SKIPPER
test/Image_2429.jpg,RED CRACKER
test/Image_2430.jpg,CHECQUERED SKIPPER
test/Image_2431.jpg,METALMARK
test/Image_2432.jpg,AFRICAN GIANT SWALLOWTAIL
test/Image_2433.jpg,GREAT EGGFLY
test/Image_2434.jpg,BLUE SPOTTED CROW
test/Image_2435.jpg,BLUE SPOTTED CROW
test/Image_2436.jpg,ULYSES
test/Image_2437.jpg,BLUE SPOTTED CROW
test/Image_2438.jpg,PEACOCK
test/Image_2439.jpg,MILBERTS TORTOISESHELL
test/Image_2440.jpg,MANGROVE SKIPPER
test/Image_2441.jpg,ELBOWED PIERROT
test/Image_2442.jpg,SILVER SPOT SKIPPER
test/Image_2443.jpg,PAINTED LADY
test/Image_2444.jpg,EASTERN COMA
test/Image_2445.jpg,BLUE MORPHO
test/Image_2446.jpg,YELLOW SWALLOW TAIL
test/Image_2447.jpg,COMMON WOOD-NYMPH
test/Image_2448.jpg,AN 88
test/Image_2449.jpg,DANAID EGGFLY
test/Image_2450.jpg,VICEROY
test/Image_2451.jpg,GREAT JAY
test/Image_2452.jpg,MOURNING CLOAK
test/Image_2453.jpg,COMMON BANDED AWL
test/Image_2454.jpg,ELBOWED PIERROT
test/Image_2455.jpg,GREAT EGGFLY
test/Image_2456.jpg,LARGE MARBLE
test/Image_2457.jpg,MOURNING CLOAK
test/Image_2458.jpg,PEACOCK
test/Image_2459.jpg,ULYSES
test/Image_2460.jpg,RED CRACKER
test/Image_2461.jpg,CRECENT
test/Image_2462.jpg,BANDED ORANGE HELICONIAN
test/Image_2463.jpg,COMMON WOOD-NYMPH
test/Image_2464.jpg,METALMARK
test/Image_2465.jpg,BANDED ORANGE HELICONIAN
test/Image_2466.jpg,MANGROVE SKIPPER
test/Image_2467.jpg,MESTRA
test/Image_2468.jpg,BECKERS WHITE
test/Image_2469.jpg,LARGE MARBLE
test/Image_2470.jpg,CAIRNS BIRDWING
test/Image_2471.jpg,PAPER KITE
test/Image_2472.jpg,COMMON WOOD-NYMPH
test/Image_2473.jpg,COMMON WOOD-NYMPH
test/Image_2474.jpg,COMMON WOOD-NYMPH
test/Image_2475.jpg,TROPICAL LEAFWING
test/Image_2476.jpg,SOUTHERN DOGFACE
test/Image_2477.jpg,PAPER KITE
test/Image_2478.jpg,CRECENT
test/Image_2479.jpg,INDRA SWALLOW
test/Image_2480.jpg,SLEEPY ORANGE
test/Image_2481.jpg,ORANGE TIP
test/Image_2482.jpg,MONARCH
test/Image_2483.jpg,SOOTYWING
test/Image_2484.jpg,ZEBRA LONG WING
test/Image_2485.jpg,SILVER SPOT SKIPPER
test/Image_2486.jpg,GOLD BANDED
test/Image_2487.jpg,MONARCH
test/Image_2488.jpg,CLEOPATRA
test/Image_2489.jpg,GREEN CELLED CATTLEHEART
test/Image_2490.jpg,CAIRNS BIRDWING
test/Image_2491.jpg,GREY HAIRSTREAK
test/Image_2492.jpg,CRECENT
test/Image_2493.jpg,ULYSES
test/Image_2494.jpg,TROPICAL LEAFWING
test/Image_2495.jpg,TROPICAL LEAFWING
test/Image_2496.jpg,JULIA
test/Image_2497.jpg,CLODIUS PARNASSIAN
test/Image_2498.jpg,COMMON WOOD-NYMPH
test/Image_2499.jpg,MESTRA
test/Image_2500.jpg,METALMARK
test/Image_2501.jpg,ORCHARD SWALLOW
test/Image_2502.jpg,COMMON WOOD-NYMPH
test/Image_2503.jpg,DANAID EGGFLY
test/Image_2504.jpg,VICEROY
test/Image_2505.jpg,COMMON WOOD-NYMPH
test/Image_2506.jpg,COMMON WOOD-NYMPH
test/Image_2507.jpg,BLUE SPOTTED CROW
test/Image_2508.jpg,BLUE SPOTTED CROW
test/Image_2509.jpg,PURPLE HAIRSTREAK
test/Image_2510.jpg,COMMON BANDED AWL
test/Image_2511.jpg,SCARCE SWALLOW
test/Image_2512.jpg,CHESTNUT
test/Image_2513.jpg,TROPICAL LEAFWING
test/Image_2514.jpg,MALACHITE
test/Image_2515.jpg,DANAID EGGFLY
test/Image_2516.jpg,MOURNING CLOAK
test/Image_2517.jpg,ADONIS
test/Image_2518.jpg,CRECENT
test/Image_2519.jpg,MOURNING CLOAK
test/Image_2520.jpg,VICEROY
test/Image_2521.jpg,SLEEPY ORANGE
test/Image_2522.jpg,WOOD SATYR
test/Image_2523.jpg,INDRA SWALLOW
test/Image_2524.jpg,GREEN CELLED CATTLEHEART
test/Image_2525.jpg,AFRICAN GIANT SWALLOWTAIL
test/Image_2526.jpg,MANGROVE SKIPPER
test/Image_2527.jpg,RED ADMIRAL
test/Image_2528.jpg,CLOUDED SULPHUR
test/Image_2529.jpg,JULIA
test/Image_2530.jpg,MILBERTS TORTOISESHELL
test/Image_2531.jpg,GOLD BANDED
test/Image_2532.jpg,METALMARK
test/Image_2533.jpg,PURPLISH COPPER
test/Image_2534.jpg,CRIMSON PATCH
test/Image_2535.jpg,BLUE SPOTTED CROW
test/Image_2536.jpg,MONARCH
test/Image_2537.jpg,PAPER KITE
test/Image_2538.jpg,RED ADMIRAL
test/Image_2539.jpg,AN 88
test/Image_2540.jpg,ELBOWED PIERROT
test/Image_2541.jpg,GREAT JAY
test/Image_2542.jpg,CLOUDED SULPHUR
test/Image_2543.jpg,SOUTHERN DOGFACE
test/Image_2544.jpg,IPHICLUS SISTER
test/Image_2545.jpg,PINE WHITE
test/Image_2546.jpg,COMMON WOOD-NYMPH
test/Image_2547.jpg,ELBOWED PIERROT
test/Image_2548.jpg,VICEROY
test/Image_2549.jpg,ORANGE TIP
test/Image_2550.jpg,YELLOW SWALLOW TAIL
test/Image_2551.jpg,APPOLLO
test/Image_2552.jpg,CAIRNS BIRDWING
test/Image_2553.jpg,ADONIS
test/Image_2554.jpg,EASTERN DAPPLE WHITE
test/Image_2555.jpg,EASTERN COMA
test/Image_2556.jpg,QUESTION MARK
test/Image_2557.jpg,CHESTNUT
test/Image_2558.jpg,AMERICAN SNOOT
test/Image_2559.jpg,RED POSTMAN
test/Image_2560.jpg,PINE WHITE
test/Image_2561.jpg,CRECENT
test/Image_2562.jpg,CRECENT
test/Image_2563.jpg,JULIA
test/Image_2564.jpg,RED POSTMAN
test/Image_2565.jpg,BLUE SPOTTED CROW
test/Image_2566.jpg,RED ADMIRAL
test/Image_2567.jpg,POPINJAY
test/Image_2568.jpg,VICEROY
test/Image_2569.jpg,MILBERTS TORTOISESHELL
test/Image_2570.jpg,ZEBRA LONG WING
test/Image_2571.jpg,SLEEPY ORANGE
test/Image_2572.jpg,MALACHITE
test/Image_2573.jpg,MANGROVE SKIPPER
test/Image_2574.jpg,YELLOW SWALLOW TAIL
test/Image_2575.jpg,COPPER TAIL
test/Image_2576.jpg,BLUE SPOTTED CROW
test/Image_2577.jpg,POPINJAY
test/Image_2578.jpg,SOOTYWING
test/Image_2579.jpg,APPOLLO
test/Image_2580.jpg,MOURNING CLOAK
test/Image_2581.jpg,SOUTHERN DOGFACE
test/Image_2582.jpg,MALACHITE
test/Image_2583.jpg,STRAITED QUEEN
test/Image_2584.jpg,CABBAGE WHITE
test/Image_2585.jpg,TWO BARRED FLASHER
test/Image_2586.jpg,CLODIUS PARNASSIAN
test/Image_2587.jpg,AN 88
test/Image_2588.jpg,YELLOW SWALLOW TAIL
test/Image_2589.jpg,SILVER SPOT SKIPPER
test/Image_2590.jpg,COMMON WOOD-NYMPH
test/Image_2591.jpg,ADONIS
test/Image_2592.jpg,BANDED PEACOCK
test/Image_2593.jpg,STRAITED QUEEN
test/Image_2594.jpg,STRAITED QUEEN
test/Image_2595.jpg,ORANGE TIP
test/Image_2596.jpg,GREEN CELLED CATTLEHEART
test/Image_2597.jpg,ELBOWED PIERROT
test/Image_2598.jpg,CAIRNS BIRDWING
test/Image_2599.jpg,PAINTED LADY
test/Image_2600.jpg,SCARCE SWALLOW
test/Image_2601.jpg,STRAITED QUEEN
test/Image_2602.jpg,JULIA
test/Image_2603.jpg,ULYSES
test/Image_2604.jpg,AN 88
test/Image_2605.jpg,TROPICAL LEAFWING
test/Image_2606.jpg,BLACK HAIRSTREAK
test/Image_2607.jpg,POPINJAY
test/Image_2608.jpg,CHESTNUT
test/Image_2609.jpg,GOLD BANDED
test/Image_2610.jpg,MOURNING CLOAK
test/Image_2611.jpg,EASTERN PINE ELFIN
test/Image_2612.jpg,EASTERN PINE ELFIN
test/Image_2613.jpg,BLUE MORPHO
test/Image_2614.jpg,AN 88
test/Image_2615.jpg,TROPICAL LEAFWING
test/Image_2616.jpg,SLEEPY ORANGE
test/Image_2617.jpg,MILBERTS TORTOISESHELL
test/Image_2618.jpg,AFRICAN GIANT SWALLOWTAIL
test/Image_2619.jpg,PEACOCK
test/Image_2620.jpg,AN 88
test/Image_2621.jpg,SILVER SPOT SKIPPER
test/Image_2622.jpg,CHECQUERED SKIPPER
test/Image_2623.jpg,ATALA
test/Image_2624.jpg,SLEEPY ORANGE
test/Image_2625.jpg,ADONIS
test/Image_2626.jpg,TWO BARRED FLASHER
test/Image_2627.jpg,COMMON WOOD-NYMPH
test/Image_2628.jpg,PURPLE HAIRSTREAK
test/Image_2629.jpg,SOUTHERN DOGFACE
test/Image_2630.jpg,RED POSTMAN
test/Image_2631.jpg,BLACK HAIRSTREAK
test/Image_2632.jpg,TROPICAL LEAFWING
test/Image_2633.jpg,GREAT EGGFLY
test/Image_2634.jpg,GREY HAIRSTREAK
test/Image_2635.jpg,MONARCH
test/Image_2636.jpg,PINE WHITE
test/Image_2637.jpg,PAINTED LADY
test/Image_2638.jpg,ULYSES
test/Image_2639.jpg,CHESTNUT
test/Image_2640.jpg,EASTERN COMA
test/Image_2641.jpg,TWO BARRED FLASHER
test/Image_2642.jpg,AFRICAN GIANT SWALLOWTAIL
test/Image_2643.jpg,GOLD BANDED
test/Image_2644.jpg,QUESTION MARK
test/Image_2645.jpg,SCARCE SWALLOW
test/Image_2646.jpg,MOURNING CLOAK
test/Image_2647.jpg,ULYSES
test/Image_2648.jpg,SILVER SPOT SKIPPER
test/Image_2649.jpg,WOOD SATYR
test/Image_2650.jpg,GREY HAIRSTREAK
test/Image_2651.jpg,COMMON BANDED AWL
test/Image_2652.jpg,BANDED ORANGE HELICONIAN
test/Image_2653.jpg,METALMARK
test/Image_2654.jpg,GOLD BANDED
test/Image_2655.jpg,EASTERN DAPPLE WHITE
test/Image_2656.jpg,CLODIUS PARNASSIAN
test/Image_2657.jpg,SOUTHERN DOGFACE
test/Image_2658.jpg,CABBAGE WHITE
test/Image_2659.jpg,BLACK HAIRSTREAK
test/Image_2660.jpg,AN 88
test/Image_2661.jpg,COMMON WOOD-NYMPH
test/Image_2662.jpg,ADONIS
test/Image_2663.jpg,TWO BARRED FLASHER
test/Image_2664.jpg,CRECENT
test/Image_2665.jpg,CRIMSON PATCH
test/Image_2666.jpg,TROPICAL LEAFWING
test/Image_2667.jpg,SLEEPY ORANGE
test/Image_2668.jpg,SLEEPY ORANGE
test/Image_2669.jpg,CHECQUERED SKIPPER
test/Image_2670.jpg,GREAT EGGFLY
test/Image_2671.jpg,CRIMSON PATCH
test/Image_2672.jpg,CLOUDED SULPHUR
test/Image_2673.jpg,INDRA SWALLOW
test/Image_2674.jpg,COMMON WOOD-NYMPH
test/Image_2675.jpg,COMMON WOOD-NYMPH
test/Image_2676.jpg,AMERICAN SNOOT
test/Image_2677.jpg,BROWN SIPROETA
test/Image_2678.jpg,PURPLE HAIRSTREAK
test/Image_2679.jpg,PAINTED LADY
test/Image_2680.jpg,BLUE SPOTTED CROW
test/Image_2681.jpg,DANAID EGGFLY
test/Image_2682.jpg,BLUE MORPHO
test/Image_2683.jpg,GREY HAIRSTREAK
test/Image_2684.jpg,COMMON WOOD-NYMPH
test/Image_2685.jpg,CRECENT
test/Image_2686.jpg,DANAID EGGFLY
test/Image_2687.jpg,SLEEPY ORANGE
test/Image_2688.jpg,GREEN CELLED CATTLEHEART
test/Image_2689.jpg,CABBAGE WHITE
test/Image_2690.jpg,SILVER SPOT SKIPPER
test/Image_2691.jpg,SCARCE SWALLOW
test/Image_2692.jpg,BLUE MORPHO
test/Image_2693.jpg,ORANGE TIP
test/Image_2694.jpg,BROWN SIPROETA
test/Image_2695.jpg,CAIRNS BIRDWING
test/Image_2696.jpg,ULYSES
test/Image_2697.jpg,GREY HAIRSTREAK
test/Image_2698.jpg,BROWN SIPROETA
test/Image_2699.jpg,COMMON WOOD-NYMPH
test/Image_2700.jpg,STRAITED QUEEN
test/Image_2701.jpg,VICEROY
test/Image_2702.jpg,COMMON WOOD-NYMPH
test/Image_2703.jpg,RED SPOTTED PURPLE
test/Image_2704.jpg,CHESTNUT
test/Image_2705.jpg,ORCHARD SWALLOW
test/Image_2706.jpg,ADONIS
test/Image_2707.jpg,SILVER SPOT SKIPPER
test/Image_2708.jpg,AFRICAN GIANT SWALLOWTAIL
test/Image_2709.jpg,BANDED ORANGE HELICONIAN
test/Image_2710.jpg,CRECENT
test/Image_2711.jpg,COMMON WOOD-NYMPH
test/Image_2712.jpg,MANGROVE SKIPPER
test/Image_2713.jpg,ELBOWED PIERROT
test/Image_2714.jpg,SILVER SPOT SKIPPER
test/Image_2715.jpg,ORANGE OAKLEAF
test/Image_2716.jpg,SLEEPY ORANGE
test/Image_2717.jpg,APPOLLO
test/Image_2718.jpg,VICEROY
test/Image_2719.jpg,BANDED ORANGE HELICONIAN
test/Image_2720.jpg,AFRICAN GIANT SWALLOWTAIL
test/Image_2721.jpg,SOUTHERN DOGFACE
test/Image_2722.jpg,COMMON BANDED AWL
test/Image_2723.jpg,EASTERN PINE ELFIN
test/Image_2724.jpg,GOLD BANDED
test/Image_2725.jpg,STRAITED QUEEN
test/Image_2726.jpg,SOOTYWING
test/Image_2727.jpg,APPOLLO
test/Image_2728.jpg,PAINTED LADY
test/Image_2729.jpg,CLOUDED SULPHUR
test/Image_2730.jpg,GOLD BANDED
test/Image_2731.jpg,RED CRACKER
test/Image_2732.jpg,ADONIS
test/Image_2733.jpg,EASTERN COMA
test/Image_2734.jpg,ORANGE OAKLEAF
test/Image_2735.jpg,SOOTYWING
test/Image_2736.jpg,CRECENT
test/Image_2737.jpg,PINE WHITE
test/Image_2738.jpg,CRIMSON PATCH
test/Image_2739.jpg,EASTERN COMA
test/Image_2740.jpg,METALMARK
test/Image_2741.jpg,SCARCE SWALLOW
test/Image_2742.jpg,RED POSTMAN
test/Image_2743.jpg,COMMON WOOD-NYMPH
test/Image_2744.jpg,APPOLLO
test/Image_2745.jpg,GOLD BANDED
test/Image_2746.jpg,MALACHITE
test/Image_2747.jpg,CLEOPATRA
test/Image_2748.jpg,CLOUDED SULPHUR
test/Image_2749.jpg,VICEROY
test/Image_2750.jpg,RED ADMIRAL
test/Image_2751.jpg,METALMARK
test/Image_2752.jpg,MALACHITE
test/Image_2753.jpg,CHECQUERED SKIPPER
test/Image_2754.jpg,AFRICAN GIANT SWALLOWTAIL
test/Image_2755.jpg,EASTERN COMA
test/Image_2756.jpg,MANGROVE SKIPPER
test/Image_2757.jpg,EASTERN DAPPLE WHITE
test/Image_2758.jpg,SOUTHERN DOGFACE
test/Image_2759.jpg,SILVER SPOT SKIPPER
test/Image_2760.jpg,GREEN CELLED CATTLEHEART
test/Image_2761.jpg,MALACHITE
test/Image_2762.jpg,SCARCE SWALLOW
test/Image_2763.jpg,METALMARK
test/Image_2764.jpg,BLUE SPOTTED CROW
test/Image_2765.jpg,RED SPOTTED PURPLE
test/Image_2766.jpg,POPINJAY
test/Image_2767.jpg,EASTERN COMA
test/Image_2768.jpg,PAPER KITE
test/Image_2769.jpg,RED ADMIRAL
test/Image_2770.jpg,ORANGE TIP
test/Image_2771.jpg,DANAID EGGFLY
test/Image_2772.jpg,PAINTED LADY
test/Image_2773.jpg,COMMON WOOD-NYMPH
test/Image_2774.jpg,CHECQUERED SKIPPER
test/Image_2775.jpg,SOOTYWING
test/Image_2776.jpg,BROWN SIPROETA
test/Image_2777.jpg,CRECENT
test/Image_2778.jpg,GREAT JAY
test/Image_2779.jpg,CRIMSON PATCH
test/Image_2780.jpg,GREAT JAY
test/Image_2781.jpg,GREAT EGGFLY
test/Image_2782.jpg,BLUE SPOTTED CROW
test/Image_2783.jpg,AMERICAN SNOOT
test/Image_2784.jpg,CLOUDED SULPHUR
test/Image_2785.jpg,TROPICAL LEAFWING
test/Image_2786.jpg,BANDED PEACOCK
